Collection ID;Game ID;Name;Expansion;Version ID;Version;Status;Min Players;Max Players;Recommended Players;Best Players;Min Duration;Max Duration;Weight;Plays;Last Play;Rating;BGG Rating;Rank;Estimated Value;Inventory Location
140801543;257766;¡Arre Unicornio!;-;416051;Spanish edition;Own;2;8;4,5,6,7,8;6;20;40;1.75;0;-;-;5.9;17401;0;
136497854;362541;Ticket to Ride: San Francisco;-;613556;Spanish edition;Own,Wanttoplay;2;4;2,3,4;3;10;15;1.65;170;16/9/2025;-;7.1;2579;11.08;
120353534;3955;BANG!;-;636216;Top Toys Spanish edition;Own;4;7;5,6,7;7;20;40;1.63;130;13/9/2024;-;6.5;1794;5.75;
120353605;315043;Scape Goat;-;645412;Spanish edition;Own;3;6;4,5,6;4,5;30;30;1.67;40;13/9/2024;-;6.9;3409;11.06;
123130004;391565;Champions!;-;670637;Spanish edition;Own,Wanttoplay;3;8;3,4,5,6,7,8;5,7;30;45;1;200;16/10/2024;-;6;11211;1.17;
120467391;338957;Caesar!: Seize Rome in 20 Minutes!;-;626047;Spanish edition;Own,Wanttoplay;1;2;1,2;2;20;20;1.94;0;-;-;7.5;807;17.78;
130996425;387763;How Dare You?;-;722956;Spanish edition;Own,Wanttoplay;2;10;2,3,4,5,6,7,8;4,5,6,7;15;15;1.07;575;7/5/2025;-;6.8;4954;8.53;
120344161;300993;¡Extinción!;-;562294;Top Toys Spanish edition;Own;2;6;2,3,4,5,6;-;15;15;1.36;180;13/9/2024;-;7.1;5063;0;
120468948;300993;¡Extinción!;-;562294;Top Toys Spanish edition;Prevowned,Wanttoplay;2;6;2,3,4,5,6;-;15;15;1.36;180;13/9/2024;-;7.1;5063;0;
120508301;179794;Me Want Cookies!;-;687805;Spanish edition 2023;Own;2;5;2,3,4,5;4,5;10;10;1.08;50;13/9/2024;-;5.9;14258;8.75;
120508303;179794;Me Want Cookies!;-;687805;Spanish edition 2023;Own;2;5;2,3,4,5;4,5;10;10;1.08;50;13/9/2024;-;5.9;14258;8.75;
120361932;12942;No Thanks!;-;539157;Fractal Juegos Spanish edition;Prevowned,Wanttoplay;3;7;3,4,5,6,7;4,5;20;20;1.13;70;13/9/2024;-;7.1;554;7.12;
140801501;452655;¡Otra vez sopa!;-;770364;Spanish edition;Own;3;5;-;-;15;25;0;0;-;-;7.8;0;0;
120361662;172931;Outfoxed!;-;506704;Iberian edition;Own,Wanttoplay;2;4;2,3,4;3,4;20;20;1.1;35;6/9/2024;-;7.1;1089;10.12;
120344157;100901;Flash Point: Fire Rescue;-;245753;Spanish edition;Own;2;6;1,2,3,4,5,6;4;45;45;2.2;10;6/9/2024;-;7.1;539;25.51;
121009324;100901;Flash Point: Fire Rescue;-;245753;Spanish edition;Prevowned,Wanttoplay;2;6;1,2,3,4,5,6;4;45;45;2.2;10;6/9/2024;-;7.1;539;25.51;
124051585;18723;Aye, Dark Overlord! The Red Box;-;605891;Dragón Azul Spanish edition;Own;4;16;4,5,6,7,8;4,5;30;30;1.28;95;2/10/2024;-;5.8;7823;14.11;
139574542;386405;Come Sail Away!;-;720344;Spanish edition;Own,Wanttoplay;1;4;1,2,3,4;2,3;25;25;2.06;0;-;-;7.8;1181;36.34;
120348475;432;Take 5;-;580786;Buró Spanish edition;Own;2;10;3,4,5,6,7,8,9,10;5,6;45;45;1.19;263;18/9/2024;-;7;675;8.24;
120467226;432;Take 5;-;462021;Bureau de Juegos Spanish edition;Prevowned,Wanttoplay;2;10;3,4,5,6,7,8,9,10;5,6;45;45;1.19;263;18/9/2024;-;7;675;8.24;
130137685;302584;¿A Quien Elijo?;-;-;-;Own;2;2;2;2;0;0;1;70;8/3/2025;-;4.8;29598;0;
120361547;302260;Abandon All Artichokes;-;589608;Spanish edition;Own,Wanttoplay;2;4;2,3,4;4;20;20;1.25;990;19/9/2024;-;6.6;1984;5.34;
120344165;363182;¿Qué Hace un Hombre con una Sardina en la Cabeza?;-;615425;Spanish edition;Own;1;8;-;-;20;40;0;790;19/9/2024;-;8;0;0;
130137663;33406;Who Am I?;-;-;-;Own;2;6;4;-;20;20;1.38;40;8/3/2025;-;5.5;26748;0;
141500052;458785;Once Upon a Line: La Transe des Poissons d'Argent;Y;-;-;Own;1;4;-;-;120;240;0;0;-;-;9;0;0;
143407547;442391;Funny Toilet;-;-;-;Own;1;2;-;-;5;10;0;0;-;-;0;0;0;
120344176;241491;Who Did It?;-;447883;Fractal Spanish edition;Own;3;6;3,4,5,6;4,5;15;15;1.02;410;18/9/2024;-;6.6;3766;9.65;
120344180;241491;Who Did It?;-;626200;Neptuno Spanish edition;Own;3;6;3,4,5,6;4,5;15;15;1.02;410;18/9/2024;-;6.6;3766;9.65;
120344184;241491;Who Did It?;-;626200;Neptuno Spanish edition;Own;3;6;3,4,5,6;4,5;15;15;1.02;410;18/9/2024;-;6.6;3766;9.65;
120355052;415149;¿Quieres ser Hernán Casciari?;-;703082;Spanish edition;Own;3;8;-;-;0;0;0;800;19/9/2024;-;8;0;0;
140461899;455197;¿Sos un Robot?;-;774796;Spanish Argentine edition;Own;2;8;4,5,6;4,5;2;5;1;180;1/2/2026;-;7.8;0;0;
120344230;351980;A.T.R.: Ahora Todos Reímos;-;589059;Spanish edition;Own;4;12;-;-;30;45;0;260;13/9/2024;-;7.5;0;0;
120353409;174476;10' to Kill;-;268313;English/French edition;Own;2;4;3,4;4;10;15;1.7;0;-;-;6.2;5366;11.7;
120354462;590;Mille Bornes;-;147941;Yetem Spanish edition;Own;2;6;2,3,4,6;4;45;45;1.25;440;13/9/2024;-;5.7;9339;5.92;
122162286;300012;12 Gangsters;-;491246;Multilingual edition;Own,Wanttoplay;3;6;4,5;4;20;20;1.25;0;-;-;5.7;24915;0;
120344189;321228;1812 Argentina;-;563920;Neptuno Spanish edition;Own;2;7;2,3,4,5,6,7;5;10;20;2.25;250;13/9/2024;-;6.6;19023;0;
120469011;393456;1902 Méliès;-;669401;English/Spanish edition;Own,Wanttoplay;2;4;2,3,4;3;45;60;2.67;10;19/9/2025;-;7.1;6397;23.75;
124184811;124847;1911 Amundsen vs Scott;-;352138;English/Spanish second edition;Own,Wanttoplay;2;2;2;2;20;20;1.75;11;19/9/2025;-;6.6;4169;17.12;
124184816;226255;1920 Wall Street;-;353707;English/Spanish edition;Own,Wanttoplay;2;5;2,3,4,5;4;45;60;2.29;12;19/9/2025;-;6.7;5143;19.94;
120468841;340790;1923 Cotton Club;-;567891;English/Spanish edition;Own,Wanttoplay;2;4;2,3,4;3;45;60;2.13;14;19/9/2025;-;7.4;3027;29.81;
125897442;421281;1980 Sixtina;-;714389;English/Spanish edition;Own,Wanttoplay;2;4;2,3,4;3,4;45;45;2.09;16;19/9/2025;-;7;8288;15.5;
120468879;279306;1987 Channel Tunnel;-;455728;English/Spanish edition;Own,Wanttoplay;2;2;2;2;45;45;2.69;18;19/9/2025;-;7.3;3742;24.6;
140442112;431280;2 Win;-;732250;Multilingual edition;Own,Wanttoplay;2;6;3,4,5,6;4,5;15;15;1.22;0;-;-;6.8;7849;9;
120360281;371947;3 Ring Circus;-;634503;Multilingual edition;Own,Wanttoplay;1;4;1,2,3,4;3;45;75;2.75;150;6/9/2024;-;7.2;1591;15.55;
136390340;99559;Brick: Make the Shape;-;-;-;Own;2;8;-;-;40;40;0;85;17/9/2025;-;7;0;0;
120344224;86073;5 Second Rule;-;305363;Spanish edition;Own;3;6;3,4,5,6;4,5,6;20;30;1.1;20;13/9/2024;-;5.5;30156;3.2;
130996459;400205;5 Towers;-;708495;Spanish edition;Own,Wanttoplay;2;5;2,3,4,5;4;15;30;1.24;0;-;-;6.7;2375;7.92;
130447946;440020;7 Magias;-;748203;Spanish edition;Own;2;4;-;-;20;35;0;940;18/3/2025;-;7.9;0;0;
125233277;316377;7 Wonders (Second Edition);-;524865;Spanish edition;Own,Wanttoplay;3;7;3,4,5,6,7;4,5;30;30;2.26;320;9/11/2024;-;7.8;201;35.62;
120359847;346703;7 Wonders: Architects;-;585898;Spanish edition;Own,Wanttoplay;2;7;2,3,4,5,6,7;4;25;25;1.39;120;6/9/2024;-;7;809;21.66;
140801533;446231;7 Wonders Dice;-;-;-;Own,Wanttoplay;2;7;2,3,4,5,6,7;3,4,5;25;30;2.12;325;9/2/2026;-;6.4;4150;18.46;
124427364;173346;7 Wonders Duel;-;320839;Spanish edition;Own,Wanttoplay;2;2;2;2;30;30;2.23;10;6/9/2024;-;8.1;24;15.04;
120474748;334619;Absedio;-;556717;Spanish edition;Prevowned,Wanttoplay;2;2;-;-;15;25;0;0;-;-;5.5;0;0;
144680210;319095;Abstract Academy;-;795017;Spanish edition;Own;2;4;2,4;-;20;40;1.2;0;-;-;6.7;11416;7.73;
145242310;319095;Abstract Academy;-;795017;Spanish edition;Own,Wanttoplay;2;4;2,4;-;20;40;1.2;0;-;-;6.7;11416;7.73;
125233300;5;Acquire;-;313191;Avalon Hill English edition 2016;Own,Wanttoplay;2;6;3,4,5,6;4;90;90;2.49;0;-;-;7.4;361;20.54;
129130525;119474;Act Too;-;-;-;Own;4;10;-;-;15;25;1;485;11/2/2025;-;5.6;25588;6.59;
129130538;119474;Act Too;-;-;-;Own;4;10;-;-;15;25;1;485;11/2/2025;-;5.6;25588;6.59;
120344132;38343;Ad Astra;-;75895;Multilingual edition;Own;3;5;3,4,5;4;60;60;2.68;80;13/9/2024;-;6.9;2071;18.83;
136390350;9679;Guess My Name Game;-;-;-;Own;2;4;-;-;20;20;0;0;-;-;4.3;0;0;
136400525;261825;Emojinary;-;-;-;Own;4;99;-;-;0;0;0;0;-;-;3.6;0;0;
136400529;261825;Emojinary;-;-;-;Own;4;99;-;-;0;0;0;0;-;-;3.6;0;0;
136522263;202408;Adrenaline;-;344840;French edition;Own,Wanttoplay;3;5;3,4,5;4,5;30;60;2.38;0;-;-;7;1127;21.68;
120353462;284082;Adventure Games: The Volcanic Island;-;607819;Spanish edition;Own;1;4;1,2,3,4;2;75;75;2.05;840;13/9/2024;-;5.9;9904;6.52;
120344141;267814;Adventure Games: Monochrome Inc.;-;514651;Spanish edition;Own;1;4;1,2,3,4;2;75;75;1.93;850;13/9/2024;-;6.5;3454;5.7;
142145243;232361;After the Virus;-;377457;Spanish edition;Own;1;3;1,2;1;30;90;2.32;0;-;-;7.3;1633;17.55;
121659032;28086;Age of War;-;251187;Spanish edition;Own,Wanttoplay;2;6;2,3,4,5;3;15;30;1.15;200;13/9/2024;-;6.4;2200;34.21;
135517827;422732;Agent Avenue;-;762016;Spanish edition;Own,Wanttoplay;2;4;2,4;2;10;20;1.23;260;17/9/2025;-;7.5;580;23.34;
120360140;359999;Agricola 15;-;606058;Spanish edition;Own,Wanttoplay;1;4;1,2,3,4;3,4;30;120;3.38;120;19/5/2025;-;7.9;0;59.9;
125233378;255262;Agricola: All Creatures Big and Small – The Big Box;-;560218;Spanish edition;Own,Wanttoplay;2;2;2;2;30;30;2.33;270;16/9/2025;-;7.6;0;20.59;
120358986;314088;Agropolis;-;531331;Spanish Wallet edition;Own,Wanttoplay;1;4;1,2;1;15;20;1.76;80;18/9/2024;-;7.2;1435;8.57;
124922507;314745;Now or Never;-;592199;Spanish edition;Own,Wanttoplay;1;4;1,2,3;2;45;180;3.61;0;-;-;7.6;1908;44.5;
120352543;171;Ajedrez;-;-;-;Own;2;2;2;2;0;0;3.65;270;13/9/2024;-;7.2;461;7.66;
122166415;357563;Akropolis;-;-;-;Own,Wanttoplay;1;4;2,3,4;3;20;30;1.8;40;6/9/2024;-;7.4;450;15.47;
121918297;154458;Akrotiri;-;661880;Spanish edition;Own,Wanttoplay;2;2;2;2;45;45;2.64;330;16/9/2025;-;7.1;1096;13.34;
120359867;6249;Alhambra;-;601151;English/French edition 2015;Own,Wanttoplay;2;6;2,3,4,5;3;45;60;2.1;180;6/9/2024;-;7;611;16.92;
136390394;286971;Alice;-;-;-;Own;2;99;-;-;15;15;0;0;-;-;9;0;0;
126373248;348516;Alice's Nightmare in Wonderland;-;585838;Spanish edition;Own;1;1;1;1;0;0;2;0;-;-;7;0;0;
135120594;402674;All Aboard!;-;683348;English/Spanish edition;Own;2;5;3,4,5;4,5;20;20;1.67;0;-;-;7.1;7912;9.99;
135120600;402674;All Aboard!;-;683348;English/Spanish edition;Own,Wanttoplay;2;5;3,4,5;4,5;20;20;1.67;0;-;-;7.1;7912;9.99;
120353484;407996;Allá Juega con Ésta Billetera;-;692218;Spanish edition;Own;3;12;-;-;10;15;0;160;18/9/2024;-;6.8;0;0;
137017180;299960;Alma Mater;-;585909;Spanish edition;Own,Wanttoplay;2;4;2,3,4;4;90;150;3.74;0;-;-;7.3;1234;15.37;
120353493;161970;Alchemists;-;264024;Spanish edition;Own;2;4;2,3,4;4;120;120;3.92;310;6/9/2024;-;7.6;179;28.19;
123140355;2651;Power Grid;-;434597;"Spanish second ""recharged"" edition";Own,Wanttoplay;2;6;3,4,5,6;4,5;120;120;3.25;270;16/9/2025;-;7.8;74;26.64;
120468734;228959;Alubari: A Nice Cup of Tea;-;486176;Spanish edition;Own,Wanttoplay;1;5;1,2,3,4,5;3,4;45;120;3.02;30;13/9/2024;-;7.1;2550;12.4;
120361451;295607;Canopy;-;616972;Spanish edition;Own,Wanttoplay;1;4;1,2,3;2;30;30;2.01;260;2/10/2024;-;7.2;1163;12.51;
125705143;422071;Amenaza Gigante;-;715994;Spanish edition;Own;1;3;1,2,3;1;25;25;2.67;140;25/11/2024;-;8.5;12871;0;
126892128;422071;Amenaza Gigante;-;715994;Spanish edition;Prevowned,Wanttoplay;1;3;1,2,3;1;25;25;2.67;140;25/11/2024;-;8.5;12871;0;
128832280;422071;Amenaza Gigante;-;715994;Spanish edition;Own;1;3;1,2,3;1;25;25;2.67;140;25/11/2024;-;8.5;12871;0;
120855432;306142;Shitty Friends;-;563948;Spanish second edition;Own,Wanttoplay,Preordered;3;22;3,4,5,6,7,8,9,10,11,12,13,14,15;6,9,10,11;20;40;1;510;18/9/2024;-;5.3;29694;0;
120344143;342504;Amnesia;-;571167;Spanish edition;Own;2;6;-;-;15;45;1;90;6/9/2024;-;6.3;22080;0;
136389335;386502;Amritsar: The Golden Temple;-;708934;French edition;Own,Wanttoplay;1;4;1,2,3,4;3;60;120;3.33;0;-;-;7.4;2666;22.26;
120344146;282321;Animal Color;-;460635;Spanish edition;Own;1;8;-;-;5;20;1.67;60;18/9/2024;-;7.5;0;0;
122162296;300099;Animix;-;491443;EN/FR/GE/IT/NL/SP edition;Own,Wanttoplay;2;6;3,4,5,6;4,5;10;10;1.44;0;-;-;6.4;9452;6.83;
120360926;311193;Anno 1800: The Board Game;-;589093;Spanish edition;Own,Wanttoplay;2;4;2,3,4;3;120;120;3.13;0;-;-;7.7;298;28.2;
122790829;400314;Apiary;-;699968;Spanish edition;Own,Wanttoplay;1;5;1,2,3,4,5;3;60;90;3.01;240;28/10/2024;-;7.7;320;40.87;
136390419;35323;Grandes Reporteros;-;-;-;Own;2;5;4;-;45;45;1;735;16/9/2025;-;5;0;0;
132902297;403468;Aqua: Biodiversity in the Oceans;-;742556;Iberian edition;Own,Wanttoplay;1;4;1,2,3,4;-;30;45;2.1;0;-;-;7.1;2692;17.22;
120360452;295948;Aqualin;-;616975;Spanish/Portuguese edition;Own,Wanttoplay;2;2;2;2;20;20;1.52;60;6/9/2024;-;6.9;2412;11.83;
136517158;353290;Sherlock Aquelarre: La Doncella;-;-;-;Own;1;8;1,2,3;-;60;60;1.33;730;19/9/2025;-;6.7;11884;0;
120359223;140934;Arboretum;-;404543;English second edition;Own,Wanttoplay;2;4;2,3,4;2;30;30;2.11;40;13/9/2024;-;7.2;434;12.93;
125262536;179803;Arcadia Quest: Inferno;-;-;-;Own,Wanttoplay,Preordered;2;4;2,3,4;4;60;120;2.46;0;-;-;7.8;1054;58.94;
133447069;386148;ArcheOlogic;-;699550;French-only edition;Own,Wanttoplay;1;4;1,2,3,4;1;45;45;2.44;540;16/9/2025;-;7;4090;14.8;
122463305;380938;Archeos Society;-;650764;French edition;Own,Wanttoplay;2;6;2,3,4,5,6;4;60;60;1.98;190;13/9/2024;-;7.1;2563;18.92;
140218675;256390;Architectura;-;458202;Spanish edition;Own,Wanttoplay;2;4;2,3,4;2,3;30;45;1.81;0;-;-;6;8427;7.46;
135899802;359871;Arcs;-;738144;Spanish edition;Own,Wanttoplay;2;4;2,3,4;3,4;60;120;3.44;0;-;-;8;101;64.05;
120360376;342942;Ark Nova;-;598385;Spanish edition, first printing;Own,Wanttoplay;1;4;1,2,3;2;90;150;3.8;550;16/8/2025;-;8.5;2;47.82;
144599451;463126;Arkham Horror: The Card Game;-;791132;Spanish edition;Own,Wanttoplay;1;4;1,2,3,4;2;60;120;3.88;0;-;-;8.9;2785;0;
125897426;359609;Arkham Horror: The Card Game (Revised Core Set);-;604992;Spanish Edition;Own,Wanttoplay;1;4;1,2,3,4;2;45;180;3.74;305;16/9/2025;-;8.6;109;46.32;
144382319;424784;Arkham Horror: Lovecraft Letter;-;753489;Spanish edition;Own;2;6;3,4,5,6;4;15;20;1.36;0;-;-;7.5;2519;15.14;
126373041;420303;Arquilínea 2: desde siglo XX;-;712634;Spanish edition;Own;2;6;-;-;5;20;0;422;15/12/2024;-;6.5;0;0;
136341825;443987;Arquilínea: Hasta siglo XIX;-;754930;Spanish edition;Own;2;6;-;-;5;20;0;420;13/9/2025;-;0;0;0;
145423598;387514;Stonespine Architects;-;735629;Spanish edition;Own,Wanttoplay;1;5;1,2,3,4,5;4;45;60;2.12;0;-;-;7.4;1209;21.4;
120359942;236457;Architects of the West Kingdom;-;405480;Spanish edition;Own,Wanttoplay;1;5;1,2,3,4,5;4;60;80;2.76;110;6/9/2024;-;7.7;130;41.83;
134251114;358263;Arrakis: Dawn of the Fremen;-;730793;Spanish edition;Own,Wanttoplay,Preordered;2;4;2,3,4;4;60;90;2.8;0;-;-;6.4;14236;22.49;
127819819;395375;Art Society;-;728878;Spanish/Portuguese edition;Own,Wanttoplay;2;4;2,3,4;4;30;60;1.87;460;11/1/2025;-;7.5;1028;24.66;
120353505;118;Modern Art;-;642133;Fractal Juegos Spanish edition;Own;3;5;3,4,5;4,5;45;45;2.28;150;13/9/2024;-;7.5;222;34.84;
120361880;118;Modern Art;-;642133;Fractal Juegos Spanish edition;Prevowned,Wanttoplay;3;5;3,4,5;4,5;45;45;2.28;150;13/9/2024;-;7.5;222;34.84;
120354904;254713;The Artemis Project;-;589390;Spanish/Portuguese edition;Own;1;5;1,2,3,4,5;3,4;60;75;2.85;0;-;-;7.2;1682;26.99;
120467923;254713;The Artemis Project;-;589390;Spanish/Portuguese edition;Prevowned,Wanttoplay;1;5;1,2,3,4,5;3,4;60;75;2.85;0;-;-;7.2;1682;26.99;
120475173;296103;"The Artemis Project: ""Alien Relic"" Mini-Expansion";Y;484566;English edition;Prevowned,Wanttoplay;1;5;-;-;60;75;3;0;-;-;7;0;5;
136526093;194789;10 Minute Heist: The Wizard's Tower;-;435949;Spanish edition;Own;2;5;2,3,4,5;3;10;10;1.21;0;-;-;6.4;4624;8.68;
141645932;194789;10 Minute Heist: The Wizard's Tower;-;435949;Spanish edition;Own,Wanttoplay;2;5;2,3,4,5;3;10;10;1.21;0;-;-;6.4;4624;8.68;
120360392;156129;Deception: Murder in Hong Kong;-;417946;Spanish edition;Own,Wanttoplay;4;12;5,6,7,8,9,10,11,12;6,7,8;20;20;1.59;120;13/9/2024;-;7.4;289;18.92;
120344373;346396;Asesino en Serie;-;577981;Spanish edition;Own;2;12;4,5,6,7,8,9,10,11,12;4,5,6,7,8,9,10;10;40;3;0;-;-;7.4;0;0;
141963767;352179;Astro Knights;-;-;-;Own,Wanttoplay;1;4;1,2,3,4;2;45;45;2.69;0;-;-;7.8;1657;36.83;
120344376;333955;Atenea;-;555760;Spanish edition;Own;2;4;3,4;4;45;45;1;10;13/9/2024;-;6.8;19194;0;
120359772;362452;Atiwa;-;613192;English edition;Own,Wanttoplay;1;4;1,2,3,4;3;30;120;2.77;0;-;-;7.4;1117;23.95;
123365238;422155;Atrapamoscas y Mosquitos!;-;716115;Spanish Dark edition;Own;1;99;-;-;5;10;0;112;18/9/2024;-;7.5;0;0;
123365239;422155;Atrapamoscas y Mosquitos!;-;716115;Spanish Dark edition;Own;1;99;-;-;5;10;0;112;18/9/2024;-;7.5;0;0;
122901050;185244;Autumn;-;696726;English/Spanish edition;Own,Wanttoplay;1;3;1,2,3;2,3;10;20;1.09;100;19/9/2024;-;6.5;10015;7.85;
120344390;231581;AuZtralia;-;407879;Spanish edition;Own;1;4;1,2,3,4;3;30;120;2.89;60;2/10/2024;-;7.3;835;33.3;
120344394;154677;Ave Cesar;-;231929;Spanish edition;Own;4;7;4,5,6,7;-;60;60;2.29;60;13/9/2024;-;6.8;11497;0;
120361329;154677;Ave Cesar;-;231929;Spanish edition;Own,Wanttoplay;4;7;4,5,6,7;-;60;60;2.29;60;13/9/2024;-;6.8;11497;0;
121918255;345969;Aventura Z: Vol 1 Lovecraft;-;577175;Spanish edition;Own,Wanttoplay;1;2;1,2;1;40;40;1.73;690;17/9/2025;-;6.7;5606;0;
121918260;371356;Aventura Z: Vol 2 Heroes;-;633313;Spanish edition;Own,Wanttoplay;1;2;1,2;1;20;40;1.8;695;15/1/2025;-;7;7541;0;
120344397;372824;Aventureros y el Medallón de Ra;-;636001;Spanish edition;Own;3;6;3,4,5,6;5,6;20;20;1;390;18/9/2024;-;7.2;15431;0;
130345690;372824;Aventureros y el Medallón de Ra;-;636001;Spanish edition;Own;3;6;3,4,5,6;5,6;20;20;1;390;18/9/2024;-;7.2;15431;0;
120353931;327;Loopin' Louie;-;252586;Spanish edition 2011;Own;2;4;2,4;4;10;10;1.05;70;8/10/2024;-;6.7;1376;24.57;
120344401;366999;Aviones y Dragones;-;624040;Spanish edition;Own;1;50;2,3;2;25;25;0;930;18/9/2024;-;6.2;23308;0;
132588798;380190;Ayuda a Joe;-;649427;Spanish edition;Own;2;6;2,3,4,5;4;20;30;1.5;160;19/9/2025;-;7.5;0;0;
120360379;230802;Azul;-;361011;English first edition;Own,Wanttoplay;2;4;2,3,4;2;30;45;1.77;50;6/9/2024;-;7.7;98;14.21;
130210001;431038;Azul Duel;-;731979;French edition;Own,Wanttoplay;2;2;2;2;30;45;2.29;5;4/4/2025;-;7;1911;16.41;
120353515;230802;Azul;-;647593;English edition;Own;2;4;2,3,4;2;30;45;1.77;50;6/9/2024;-;7.7;98;14.21;
120360380;346965;Azul: Queen's Garden;-;579474;English edition;Own,Wanttoplay;2;4;2,3,4;2;45;60;2.93;70;6/9/2024;-;7.4;668;18.9;
120360382;256226;Azul: Stained Glass of Sintra;-;411831;English edition;Own,Wanttoplay;2;4;2,3,4;3;30;45;2.01;60;6/9/2024;-;7.3;514;15.51;
120360385;287954;Azul: Summer Pavilion;-;485431;English edition;Own,Wanttoplay;2;4;2,3,4;2,3;30;45;2.07;360;6/9/2024;-;7.6;240;15.59;
126301370;349939;Back to the Future: Card Game;-;-;-;Own;2;4;-;-;25;25;0;0;-;-;4.5;28526;0;
122665302;427028;Bajo Amenaza;-;725005;Spanish edition;Own;3;6;4,5,6;-;20;20;0;400;18/9/2024;-;8.1;0;0;
140801855;436751;Under the Leaves;-;761544;Fractal Juegos Spanish edition;Own;2;4;2,3;2;25;40;1.8;310;9/2/2026;-;7.5;7527;20.72;
120344407;314043;Balance Elemental;-;581377;Spanish second edition;Own;2;6;2,3,4;3,4;15;25;1;40;18/9/2024;-;6.5;21025;0;
120361558;314043;Balance Elemental;-;581377;Spanish second edition;Own,Wanttoplay;2;6;2,3,4;3,4;15;25;1;40;18/9/2024;-;6.5;21025;0;
121672574;258818;Balls in Line;-;-;-;Own;2;2;2;2;0;0;1;10;6/9/2024;-;6;18637;0;
120353520;351538;Bamboo;-;588151;Multilingual edition;Own;2;4;2,3,4;3;90;110;2.91;660;13/9/2024;-;7.1;2121;16.26;
120468706;351538;Bamboo;-;588151;Multilingual edition;Prevowned,Wanttoplay;2;4;2,3,4;3;90;110;2.91;660;13/9/2024;-;7.1;2121;16.26;
130795182;27225;Bananagrams;-;410255;Spanish second edition;Own,Wanttoplay;1;8;2,3,4,5,6;3,4,5;15;15;1.29;15;4/4/2025;-;6.4;2140;4.89;
120353525;299571;Bandida;-;710887;Buró Spanish edition;Own;1;4;1,2,3,4;2,3;15;15;1.46;910;19/9/2024;-;6.5;3926;5.43;
120344423;191925;Bandido;-;590500;Buró Spanish edition;Own;1;4;1,2,3,4;-;10;15;1.13;420;19/9/2024;-;6.4;2514;6.63;
120468746;191925;Bandido;-;590500;Buró Spanish edition;Own,Wanttoplay;1;4;1,2,3,4;-;10;15;1.13;420;19/9/2024;-;6.4;2514;6.63;
129203439;143741;BANG! The Dice Game;-;247001;Spanish edition;Own;3;8;5,6,7,8;6,7;15;15;1.28;160;27/11/2024;-;6.9;875;6.76;
120344434;30933;BANG! The Bullet!;-;537666;Spanish edition 2016;Own;3;8;4,5,6,7,8;6,7;20;40;1.85;0;-;-;6.9;0;13.21;
133447146;393114;Barbecubes;-;668815;English edition;Own,Wanttoplay;2;6;2,3,4,5;3;3;15;1.04;950;1/7/2025;-;6.8;4331;8.6;
129156005;383607;Barcelona;-;678438;Spanish edition;Own,Wanttoplay;1;4;1,2,3,4;3;60;90;3.37;270;19/8/2025;-;7.7;568;33.97;
120344439;349098;Bardo;-;583630;Spanish edition;Own;3;7;-;-;15;15;1;595;19/9/2024;-;5.5;0;0;
144599310;344925;Bardwood Grove;-;583099;French edition;Own,Wanttoplay;1;4;1,2,3;-;60;90;3.27;0;-;-;7.3;4384;86.26;
120360187;219513;Bärenpark;-;350677;English edition;Own,Wanttoplay;2;4;2,3,4;4;30;45;1.66;70;6/9/2024;-;7.3;420;21.75;
120789229;147423;Barni Hop Hop;-;-;-;Own,Wanttoplay,Preordered;2;4;3,4;4;10;10;1;0;-;-;5.1;28000;0;
129561369;251247;Barrage;-;479470;Spanish edition;Own,Wanttoplay;1;4;2,3,4;4;90;180;4.11;150;16/9/2025;-;8.1;40;68.45;
122160762;399011;Barrio;-;724395;Ludoty Spanish edition;Own;1;4;1,2,3;2;20;20;2;150;13/9/2024;-;7.1;4969;0;
123129845;399011;Barrio;-;724395;Ludoty Spanish edition;Own,Wanttoplay;1;4;1,2,3;2;20;20;2;150;13/9/2024;-;7.1;4969;0;
123188752;2425;Batalla Naval;-;-;-;Own;2;2;2;2;30;30;1.2;130;18/9/2024;-;4.8;30564;3.21;
135834640;448136;Batam;-;762883;Korean/Japanese edition;Own;3;4;3,4;-;45;45;1.5;25;19/9/2025;-;6.7;15065;25.31;
139649460;324513;Batman: The Dark Knight Returns – The Game;-;632495;Spanish deluxe edition;Own;1;2;1;1;90;90;3.11;0;-;-;7.6;4239;53.58;
140218638;324513;Batman: The Dark Knight Returns – The Game;-;632495;Spanish deluxe edition;Prevowned,Wanttoplay;1;2;1;1;90;90;3.11;0;-;-;7.6;4239;53.58;
121672439;2770;Battle Balls;-;-;-;Own;2;4;2,3,4;2,4;30;30;1.2;20;6/9/2024;-;5.1;30400;9.61;
130139529;362976;Beacon Patrol;-;729645;Iberian edition;Own,Wanttoplay;1;4;1,2,3,4;2;30;30;1.45;570;17/9/2025;-;7.1;1876;11.47;
135416499;281549;Beast;-;-;-;Own;2;4;2,3,4;3;60;120;3.05;290;16/8/2025;-;7.4;986;36.32;
136092077;22992;Beat Me!;-;-;-;Own;3;8;-;-;30;30;1;0;-;-;4.5;0;3;
140270436;148531;Beer Mug Dice;-;760407;Korean/English edition;Own;3;6;3,4,5,6;4,5;20;20;1.58;0;-;-;6.4;6859;23.83;
130830076;255524;Belfort: Edición Limitada;-;410487;Spanish/French edition;Own,Wanttoplay,Preordered;2;5;3,4;4;90;120;3.18;360;17/5/2025;-;7.8;0;21.51;
120353553;358504;Betrayal at House on the Hill: 3rd Edition;-;604578;Spanish edition;Own;3;6;4,5,6;5;60;60;2.38;40;13/9/2024;-;7.3;1279;27.47;
120353559;34219;Biblios;-;284811;English edition 2015;Own;2;4;2,3,4;3;30;30;1.69;130;13/9/2024;-;7.2;517;30.42;
132045216;378367;Really Loud Librarians;-;691731;Spanish edition;Own;2;12;4,5,6,8;4,6;15;20;1.17;40;7/5/2025;-;6.1;10299;10;
132045220;378367;Really Loud Librarians;-;691731;Spanish edition;Own;2;12;4,5,6,8;4,6;15;20;1.17;40;7/5/2025;-;6.1;10299;10;
120360167;339214;Bichos;-;625829;Mercurio Spanish edition;Own,Wanttoplay;2;5;2,3,4,5;4;20;20;1.02;90;19/9/2024;-;7.1;1765;22.6;
131910480;339214;Bichos;-;757474;Maldón Spanish edition;Own;2;5;2,3,4,5;4;20;20;1.02;90;19/9/2024;-;7.1;1765;22.6;
131910482;339214;Bichos;-;757474;Maldón Spanish edition;Own;2;5;2,3,4,5;4;20;20;1.02;90;19/9/2024;-;7.1;1765;22.6;
120344442;150312;Welcome to the Dungeon;-;374093;Bureau de Juegos Spanish edition;Own;2;4;2,3,4;3;30;30;1.24;330;18/9/2024;-;6.5;1662;5.57;
120467919;150312;Welcome to the Dungeon;-;374093;Bureau de Juegos Spanish edition;Prevowned,Wanttoplay;2;4;2,3,4;3;30;30;1.24;330;18/9/2024;-;6.5;1662;5.57;
120360881;323612;Bitoku;-;535009;English/Spanish first edition;Own,Wanttoplay;1;4;1,2,3,4;3;120;120;3.77;0;-;-;7.8;304;36.4;
136390423;43268;Bla Bla Bla;-;-;-;Own;3;5;3,4,5;3,5;20;20;1;370;17/9/2025;-;6.2;22457;0;
120361646;18803;Black Stories;-;41865;Spanish edition;Own,Wanttoplay;2;99;3,4,5,6,7,8,9,10,11;4,5,6;20;20;1.26;475;18/9/2024;-;6;4774;8.02;
135709229;262215;Blackout: Hong Kong;-;458096;Spanish edition;Own;1;4;1,2,3,4;3;75;150;3.46;0;-;-;7.4;661;15.68;
120344449;28017;Bleff;-;430833;Spanish edition;Own;2;6;3,4,5,6;5,6;45;45;1;100;13/9/2024;-;6.7;15800;0;
120353566;379823;Blend!;-;648806;Spanish edition;Own;2;5;-;-;15;15;0;660;19/9/2024;-;7;0;0;
120353574;371973;Blind Business;-;634538;English/Spanish edition;Own;2;5;2,3,4,5;3,4;15;30;1.43;190;19/9/2024;-;6.3;9186;6.69;
120469019;371973;Blind Business;-;634538;English/Spanish edition;Prevowned,Wanttoplay;2;5;2,3,4,5;3,4;15;30;1.43;190;19/9/2024;-;6.3;9186;6.69;
140218659;446181;Blind Jack;-;-;-;Own,Wanttoplay;2;12;4,5;4,5;10;20;1;285;23/1/2026;-;6.2;15006;8.13;
120344455;1197;Blink;-;301907;English/Spanish edition;Own;2;3;2,3;2;10;10;1.07;630;18/9/2024;-;6;6027;4.76;
120359718;170216;Blood Rage;-;280883;Spanish edition;Own,Wanttoplay;2;4;3,4;4;60;90;2.88;20;6/9/2024;-;7.9;65;59.96;
120353587;11;Bohnanza;-;571563;Fractal Juegos Spanish edition;Own;2;7;3,4,5,6,7;4,5;45;45;1.67;290;19/9/2024;-;7.1;546;7.41;
120361937;11;Bohnanza;-;436771;Rio Grande English-only edition 2016;Prevowned,Wanttoplay;2;7;3,4,5,6,7;4,5;45;45;1.67;290;19/9/2024;-;7.1;546;7.41;
120344464;222;Space Beans;-;237012;Spanish edition 2013;Own;2;6;2,3,4,5,6;3;40;40;1.38;0;-;-;6.1;5670;17.02;
120344465;131243;Bolonki;-;181801;Spanish second edition;Own;2;4;-;-;25;25;0;60;13/9/2024;-;5.7;0;0;
120353594;344114;Bag of Chips;-;594581;Spanish edition;Own;2;5;2,3,4,5;4,5;15;20;1.12;780;18/9/2024;-;6.4;3495;6.14;
121317721;304420;Bonfire;-;499127;English/German edition;Own,Wanttoplay;1;4;1,2,3,4;3;70;100;3.63;130;16/9/2025;-;7.6;417;23.04;
133663152;366994;Bonsai;-;706262;Spanish edition;Own,Wanttoplay,Preordered;1;4;1,2,3,4;3;40;40;1.8;430;16/9/2025;-;7.2;1299;20.53;
133697473;373972;BOO;-;733698;Spanish second edition;Own;2;10;-;-;15;15;0;810;19/9/2024;-;6.6;0;0;
135157987;373972;BOO;-;733698;Spanish second edition;Own;2;10;-;-;15;15;0;810;19/9/2024;-;6.6;0;0;
120344467;373972;BOO;-;638008;Spanish first edition;Own;2;10;-;-;15;15;0;810;19/9/2024;-;6.6;0;0;
120359102;343905;Boonlake;-;588849;Spanish edition;Own,Wanttoplay;1;4;1,2,3,4;3;80;160;3.8;30;6/9/2024;-;7.6;490;25.4;
120360456;355433;boop.;-;670202;Spanish edition;Own,Wanttoplay;2;2;2;2;20;30;1.39;120;6/9/2024;-;7;1319;13.72;
121918208;328124;Bot Factory;-;622076;Spanish edition;Own,Wanttoplay;1;4;1,2,3,4;3;30;60;2.77;0;-;-;7.4;1749;27.9;
128536117;413260;Botanicus;-;718136;Spanish/Portuguese edition;Own,Wanttoplay;2;4;2,3,4;3;45;60;2.4;0;-;-;7.4;2065;28.81;
144568006;468043;Boticario;-;796885;Spanish edition;Own;2;6;-;-;20;20;0;0;-;-;6.6;0;0;
144568047;468043;Boticario;-;796885;Spanish edition;Own;2;6;-;-;20;20;0;0;-;-;6.6;0;0;
136390443;240081;Loot 'n Shoot;-;-;-;Own;2;4;-;-;20;40;2;0;-;-;7.1;0;0;
124184761;42309;BrainBox: Animals;-;172793;Spanish edition;Own,Wanttoplay;1;99;2,3,4,5,6,7,8;4,5,6;10;10;1.67;110;28/10/2024;-;6;22903;0;
120361649;224517;Brass: Birmingham;-;447132;Spanish edition;Own,Wanttoplay;2;4;2,3,4;3,4;60;120;3.86;110;13/9/2024;-;8.6;1;48.38;
140218760;249277;Brazil: Imperial;-;565421;Spanish edition;Own,Wanttoplay;1;4;2,3,4;4;100;100;3.01;0;-;-;7.5;968;23.56;
140270508;354669;Break the Cube;-;-;-;Own;2;4;2,3,4;2;15;25;1.6;275;4/3/2026;-;7.1;6063;9;
120344469;341795;Breton;-;569857;Spanish edition;Own;1;8;4,5,6;4;20;40;2;0;-;-;6.7;0;0;
135120549;332386;Brew;-;586386;Spanish edition;Own,Wanttoplay;2;4;2,3,4;3;45;90;2.46;0;-;-;7;1434;14.7;
120361065;337765;Brian Boru: High King of Ireland;-;562146;English/German edition;Own,Wanttoplay;3;5;3,4,5;4;60;90;2.56;0;-;-;7.5;723;25.2;
140219220;439310;Brick Like This!;-;-;-;Own;2;8;4,6,8;4;15;15;1.25;330;9/2/2026;-;6.6;6653;10;
140219231;439310;Brick Like This!;-;-;-;Own,Wanttoplay;2;8;4,6,8;4;15;15;1.25;330;9/2/2026;-;6.6;6653;10;
120353596;192735;Broom Service: The Card Game;-;299005;English/French/German edition;Own;3;6;4,5,6;5,6;15;30;1.48;190;13/9/2024;-;6.1;7005;5.78;
140219199;345155;Bruxelles 1893: Belle Époque;-;690222;Spanish edition;Own,Wanttoplay;2;5;2,3,4,5;4;45;120;3.36;0;-;-;7.9;2058;29.02;
120358616;184921;Bunny Kingdom;-;421873;Bureau de Juegos Spanish edition;Own,Wanttoplay;2;4;2,3,4;3,4;40;60;2.3;140;6/9/2024;-;7.4;383;25;
125752007;351428;Burdaerata;-;587967;Spanish edition;Own;3;40;5;5;30;90;0;420;25/11/2024;-;7.2;0;0;
123140359;172081;Burgle Bros.;-;401766;Spanish edition;Own,Wanttoplay;1;4;1,2,3,4;3;45;90;2.31;910;27/12/2024;-;7.4;418;31.53;
120344472;347984;Buscadores de Dino;-;-;-;Own;2;10;-;-;15;15;0;245;18/9/2024;-;7;0;0;
126297326;197585;Caca: El Juego;-;-;-;Own;2;10;-;-;15;15;1;700;7/12/2024;-;5.5;0;0;
135155054;197585;Caca: El Juego;-;307354;English/Spanish edition;Own;2;10;-;-;15;15;1;700;7/12/2024;-;5.5;0;0;
120359784;171499;Cacao;-;335817;English/French first edition;Own,Wanttoplay;2;4;2,3,4;3;45;45;1.83;60;6/9/2024;-;7.1;783;37;
138599454;408547;Things in Rings;-;-;-;Own,Wanttoplay;2;6;2,3,4,5,6;4;20;20;1.33;230;30/1/2026;-;7.1;1471;13.98;
139133493;408547;Things in Rings;-;782037;Spanish edition;Own;2;6;2,3,4,5,6;4;20;20;1.33;230;30/1/2026;-;7.1;1471;13.98;
120359235;284936;Café;-;571058;French/German edition;Own,Wanttoplay;1;4;1,2,3,4;2;20;45;2.05;290;13/9/2024;-;7.1;1253;15.45;
130345615;284936;Café;-;732716;Neptuno/Upgrade Spanish edition;Own;1;4;1,2,3,4;2;20;45;2.05;290;13/9/2024;-;7.1;1253;15.45;
120358985;303553;Skulls of Sedlec;-;549991;Spanish Wallet edition;Own,Wanttoplay;2;3;1,2,3;2;20;20;1.25;50;18/9/2024;-;7.4;1102;14.75;
133967908;367047;Caldera Park;-;702936;French edition;Own,Wanttoplay;1;4;1,2,3,4;2;30;40;1.96;330;19/8/2025;-;7.2;2972;14.66;
138802070;335275;Whirling Witchcraft;-;767324;Spanish edition;Own;2;5;2,3,4,5;3;15;30;1.81;0;-;-;7.2;2009;14.97;
138802073;335275;Whirling Witchcraft;-;767324;Spanish edition;Own;2;5;2,3,4,5;3;15;30;1.81;0;-;-;7.2;2009;14.97;
120360368;283155;Calico;-;462049;English edition;Own,Wanttoplay;1;4;1,2,3,4;2;30;45;2.19;50;6/9/2024;-;7.5;269;20.76;
137464900;283155;Calico;-;-;-;Prevowned,Wanttoplay;1;4;1,2,3,4;2;30;45;2.19;50;6/9/2024;-;7.5;269;20.76;
120358611;260605;Camel Up (Second Edition);-;626033;Pretzel Games English edition;Own,Wanttoplay;3;8;3,4,5,6,7,8;5,6;30;45;1.51;90;13/9/2024;-;7.5;267;18.3;
123130007;393531;Fields of Arle: Big Box;-;669732;Spanish edition;Own,Wanttoplay;1;3;1,2,3;2,3;60;120;3.57;525;16/8/2025;-;8.3;0;0;
120344473;333251;Candy Shop;-;554701;Spanish edition;Own;2;4;2,3;2;15;15;0;350;6/9/2024;-;6.6;0;0;
120344478;233962;Cangaço;-;531437;Spanish edition;Own;2;4;2,3,4;-;15;30;2.25;590;13/9/2024;-;7;13485;0;
120359248;41;Can't Stop;-;576318;Maldito Games Spanish/Portuguese edition 2021;Own,Wanttoplay;2;4;2,3,4;3;30;30;1.14;190;13/9/2024;-;6.9;764;24.12;
122633281;217547;Can't Stop Express;-;-;-;Own,Wanttoplay,Preordered;1;4;1,2,3,4;-;30;30;1.32;0;-;-;6.1;5931;7.35;
120359958;290236;Canvas;-;592536;Spanish edition;Own,Wanttoplay;1;5;1,2,3,4,5;3,4;30;30;1.73;70;13/9/2024;-;7.2;594;41.32;
135601270;452546;Caos en la Redacción: Sección Policiales;-;770130;Spanish edition;Own;1;6;-;-;15;15;0;0;-;-;8;0;0;
120853442;393325;Captain Flip;-;669201;EN/FR/DE/NL edition;Own,Wanttoplay;2;5;2,3,4,5;3;20;20;1.22;120;6/9/2024;-;7.1;906;20.58;
120344370;171131;Captain Sonar;-;462424;Bureau de Juegos Spanish edition;Own;2;8;6,7,8;8;45;60;2.21;90;6/9/2024;-;7.5;245;28.43;
120361315;171131;Captain Sonar;-;462424;Bureau de Juegos Spanish edition;Own,Wanttoplay;2;8;6,7,8;8;45;60;2.21;90;6/9/2024;-;7.5;245;28.43;
120344340;337209;Caracoles;-;619463;Spanish second edition;Own;2;2;2;2;20;45;2;0;-;-;7.5;18660;0;
120474922;337209;Caracoles;-;619463;Spanish second edition;Prevowned,Wanttoplay;2;2;2;2;20;45;2;0;-;-;7.5;18660;0;
137656652;133450;Raptor;-;-;-;Own;3;4;-;-;30;30;0;0;-;-;7.7;0;0;
120344345;2379;Guesstures;-;592109;Hasbro Spanish edition 2014;Own;4;99;4,5,6,7,8,9,10,11,12,13,14;6,8,10,12;10;10;1.18;120;13/9/2024;-;5.9;6961;20.71;
120358977;213266;Circle the Wagons;-;591498;Spanish Wallet second edition;Own,Wanttoplay;2;2;1,2;2;15;15;1.57;90;18/9/2024;-;7;1416;8.08;
120344360;822;Carcassonne;-;286832;Spanish edition 2015;Own;2;5;2,3,4,5;2;30;45;1.89;10;6/9/2024;-;7.4;238;14.89;
121949234;206940;Carcassonne: Amazonas;-;546583;Portuguese/Spanish edition;Own,Wanttoplay,Preordered;2;5;2,3,4,5;4;35;35;1.89;200;6/9/2024;-;7;2059;27.84;
120361895;230914;Carcassonne Big Box 6;-;363519;English edition;Prevowned,Wanttoplay;2;6;2,3,4,5,6;2;35;35;1.95;0;-;-;8.1;0;44.17;
121949224;4390;Carcassonne: Hunters and Gatherers;-;526735;Devir edition 2020;Own,Wanttoplay,Preordered;2;5;2,3,4,5;2,3;35;40;1.92;210;6/9/2024;-;7.1;690;19.2;
120360182;41010;My First Carcassonne;-;516625;Spanish edition 2020;Own,Wanttoplay;2;4;2,3,4;4;10;20;1.13;12;6/9/2024;-;6.7;2124;9.21;
134251233;256065;Carcassonne: Safari;-;457294;Spanish/Portuguese edition;Own,Wanttoplay,Preordered;2;5;2,3,4,5;4;35;35;1.81;220;16/9/2025;-;7;3458;21.77;
121949193;180564;Carcassonne: Star Wars;-;338664;Spanish edition;Own,Wanttoplay,Preordered;2;5;2,3,4,5;3;35;35;1.67;20;6/9/2024;-;6.7;2523;51.13;
138532894;447243;Duel for Cardia;-;760340;Spanish edition;Own,Wanttoplay;2;2;2;2;15;15;1.77;280;1/2/2026;-;7.5;890;10.4;
135120353;399104;Cards vs Gravity;-;700109;Big Potato Games edition;Own;2;8;2,3,4,5,8;3,4,5;10;10;1;0;-;-;6.2;11653;5;
120353627;379623;Caripelas;-;648511;Spanish edition;Own;3;6;-;-;40;40;0;770;18/9/2024;-;7.4;0;0;
144182120;379623;Caripelas;-;648511;Spanish edition;Own;3;6;-;-;40;40;0;770;18/9/2024;-;7.4;0;0;
144599294;447379;Carnival of Sins;-;786510;French edition;Own,Wanttoplay;2;5;3,4,5;4,5;10;20;1.36;0;-;-;7.2;5211;28.99;
120353632;410214;Carrera Acuática;-;695523;Spanish edition;Own;2;2;2;2;10;20;2;130;18/9/2024;-;7.5;0;0;
120789514;194028;Carrera de Conejos;-;-;-;Own,Wanttoplay,Preordered;2;4;2,3,4;3,4;15;15;1.25;180;13/9/2024;-;6.3;11720;14.49;
121233220;4561;Carrera de Mente;-;438828;Anniversary first edition;Own,Wanttoplay,Preordered;2;20;3,4,5,6;3,4;90;90;1.17;460;13/9/2024;-;5.4;27613;0;
136579833;171658;Game of Goosey Gander;-;-;-;Own;2;4;-;-;10;10;0;70;19/9/2025;-;1.5;0;0;
136390583;173358;Wild Cards;-;-;-;Own;2;0;-;-;0;0;0;400;16/9/2025;-;0;0;0;
120358867;327076;Cartaventura: Lhasa;-;577668;Spanish edition;Own,Wanttoplay;1;6;1,2;1;45;45;1.12;120;6/9/2024;-;6.4;4708;7.45;
134251340;58798;Cardcassonne;-;62910;Devir Spanish/Portuguese edition;Own,Wanttoplay,Preordered;2;5;3,4,5;4;30;45;1.74;0;-;-;6.3;5022;16.1;
133825300;448714;Cartitas;-;762851;Spanish/English edition;Own;1;5;-;-;30;30;0;130;17/9/2025;-;9.3;0;0;
120344542;263918;Cartographers;-;515563;Buró Spanish edition;Own;1;100;1,2,3,4,5,6,7,8;3,4;30;45;1.89;100;13/9/2024;-;7.6;183;9.93;
120361975;263918;Cartographers;-;515563;Buró Spanish edition;Prevowned,Wanttoplay;1;100;1,2,3,4,5,6,7,8;3,4;30;45;1.89;100;13/9/2024;-;7.6;183;9.93;
120474928;273353;Cartographers: Skills Mini Expansion;Y;517686;Spanish edition;Prevowned,Wanttoplay;1;100;1,2,3,4,5,6;3,4;30;45;2;0;-;-;7.5;0;5.47;
120474931;302884;Cartographers: Ambush Mini Expansion;Y;517690;Buró Spanish edition;Prevowned,Wanttoplay;1;100;1,2,3,4,5,6,7,8;2,4;30;45;1.75;0;-;-;7.8;0;3.38;
125705134;422423;Casa Fantasma;-;716566;Spanish edition;Own;2;8;2,3,4,5,6,7,8;4,5,6,7;10;30;1;583;25/11/2024;-;8;0;0;
128832273;422423;Casa Fantasma;-;716566;Spanish edition;Own;2;8;2,3,4,5,6,7,8;4,5,6,7;10;30;1;583;25/11/2024;-;8;0;0;
120360367;295947;Cascadia;-;577831;Spanish edition;Own,Wanttoplay;1;4;1,2,3,4;2,3;30;45;1.84;70;6/9/2024;-;7.9;60;30.14;
135834652;28218;Cash-a-Catch;-;632976;English/Korean edition;Own;3;5;3,4,5;4,5;20;30;1.55;20;19/9/2025;-;6.4;5134;15.49;
120344545;344704;Casino Felino;-;575213;Spanish edition;Own;1;6;-;-;15;25;1;50;18/9/2024;-;6.3;23129;0;
120361875;155426;Castles of Mad King Ludwig;-;688844;Spanish second edition;Own,Wanttoplay;1;4;2,3,4;4;90;90;2.65;280;16/8/2025;-;7.5;233;25.17;
120359798;310789;Catapult Feud;-;614707;Spanish edition;Own,Wanttoplay;2;2;2;2;20;30;1.07;100;13/9/2024;-;7;2387;40.57;
132819633;416851;Castle Combo;-;719980;Catch Up Games English edition;Own,Wanttoplay;2;5;2,3,4;2;10;25;1.74;220;20/8/2025;-;7.7;226;17.46;
120344550;323614;Castle Party;-;535011;Multilingual edition;Own;2;4;2,3,4;3;30;30;1.63;730;13/9/2024;-;6.6;5352;17.45;
130280237;363622;The Castles of Burgundy: Special Edition;-;639169;French edition;Own,Wanttoplay;1;4;1,2,3,4;2;70;120;2.85;60;16/8/2025;-;9.1;0;188.89;
123551755;345972;Cat in the Box: Deluxe Edition;-;695407;Spanish edition;Own;2;5;3,4,5;4;20;40;2.04;210;2/10/2024;-;7.4;373;13.36;
139133572;345972;Cat in the Box: Deluxe Edition;-;695407;Spanish edition;Own,Wanttoplay;2;5;3,4,5;4;20;40;2.04;210;2/10/2024;-;7.4;373;13.36;
120344576;13;Catan;-;392462;Spanish edition 2015;Own;3;4;3,4;4;60;120;2.28;10;6/9/2024;-;7.1;616;17.95;
120360291;66056;Rivals for Catan;-;421688;Spanish second edition;Own,Wanttoplay;2;2;2;2;45;60;2.33;530;2/10/2024;-;6.9;1169;8.43;
120508233;13;Catan;-;311017;Top Toys Spanish edition;Own;3;4;3,4;4;60;120;2.28;10;6/9/2024;-;7.1;616;17.95;
121234330;91534;Struggle for Catan;-;129459;Spanish edition 2011;Own,Wanttoplay,Preordered;2;4;2,3,4;4;30;30;1.66;260;19/9/2024;-;6.2;4274;5.47;
130459241;408727;Catan: New Energies;-;740171;Spanish edition;Own,Wanttoplay;3;4;3,4;3,4;90;90;2.25;410;19/8/2025;-;6.7;7251;32.33;
120360184;184842;Catan Junior;-;286166;Portuguese/Spanish edition 2014;Own,Wanttoplay;2;4;2,3,4;4;30;30;1.33;400;19/8/2025;-;6.5;4412;11.89;
144182349;464675;Catan: On the Road;-;-;-;Own,Wanttoplay,Preordered;3;4;3,4;4;15;30;1.75;0;-;-;7.3;8003;0;
120765632;191710;Catan: Big Box;-;392074;Spanish edition;Own,Wanttoplay;3;6;3,4,5,6;4;75;75;2.1;10;13/9/2024;-;7.6;0;69.99;
121233539;282853;Catan: Starfarers;-;522690;Spanish edition;Own,Wanttoplay,Preordered;3;4;3,4;4;120;120;2.59;540;13/9/2024;-;7.5;1751;49.35;
136517335;121893;Puzzle of Oz;-;-;-;Own,Wanttoplay,Preordered;1;2;-;-;20;20;0;455;19/9/2025;-;7.3;0;28.99;
144567994;428106;Catfé;-;792254;Pudú/Neptuno Spanish edition;Own;2;5;4;4;5;20;1;0;-;-;6.8;17597;0;
144568045;428106;Catfé;-;792254;Pudú/Neptuno Spanish edition;Own;2;5;4;4;5;20;1;0;-;-;6.8;17597;0;
136390601;364933;O Homem que Mordeu a Caderneta de Cromos;-;-;-;Own;2;6;-;-;30;90;0;0;-;-;0;0;0;
120361130;102794;Caverna: The Cave Farmers;-;291380;Devir Spanish edition;Own,Wanttoplay;1;7;1,2,3,4,5;4;30;210;3.78;510;19/8/2025;-;7.9;62;49.82;
124627506;220520;Caverna: Cave vs Cave;-;384362;Spanish edition;Own,Wanttoplay;1;2;1,2;2;20;40;2.56;510;17/9/2025;-;7.1;947;12.31;
134251262;18602;Caylus;-;173888;English fourth edition;Own,Wanttoplay;2;5;2,3,4,5;3;60;150;3.79;0;-;-;7.7;138;25.84;
137017231;413246;Bomb Busters;-;756608;Spanish edition;Own,Wanttoplay;2;5;2,3,4,5;4;30;30;2;250;9/11/2025;-;8;99;36.78;
120353645;175117;Celestia;-;629512;Circoctel Spanish edition;Own;2;6;3,4,5,6;5,6;30;30;1.32;130;6/9/2024;-;6.9;985;21.11;
120359357;270970;Century: A New World;-;492902;Spanish/Portuguese edition;Own,Wanttoplay;2;4;2,3,4;3;30;45;2.11;300;6/9/2024;-;7.3;876;20.12;
120359352;242574;Century: Eastern Wonders;-;398976;Spanish edition;Own,Wanttoplay;2;4;2,3,4;4;30;45;2.11;290;16/9/2025;-;7.1;903;12.61;
120361883;232832;Century: Golem Edition;-;364807;English edition;Prevowned,Wanttoplay;2;5;2,3,4,5;3,4;30;45;1.72;310;19/8/2025;-;7.6;278;23.51;
120359356;209685;Century: Spice Road;-;357017;English first edition;Own,Wanttoplay;2;5;2,3,4,5;3,4;30;45;1.8;100;6/9/2024;-;7.3;385;16.43;
120344582;195421;Near and Far;-;473587;Spanish edition;Own;2;4;2,3,4;3;90;120;2.9;420;13/9/2024;-;7.6;280;33.94;
140461694;449893;Cereal Killer;-;773308;Spanish Argentinian edition;Own;2;3;2,3;2;10;15;1.82;465;23/1/2026;-;7.4;7054;36.39;
120522826;369880;Cerveza y Pan;-;643811;Spanish edition;Own,Wanttoplay;2;2;2;2;30;45;2.35;310;16/9/2025;-;7.3;732;16.42;
131476295;376363;Sweet Mess: Pastry Competition;-;672336;French edition;Own,Wanttoplay;1;4;2,3,4;-;45;90;2.81;340;19/8/2025;-;7;5308;32.13;
136464240;7316;Bingo;-;-;-;Own;2;99;3,4,5,6,7,8,9,10,11,12,13,14,15,16,17,18,19,20,21,22,23,24,25,26,27,28,29,30;3,10,11,12,13,14,15,16,17,18,19,20,21,22,23,24,25,26,27,28,29,30;60;60;1.04;0;-;-;3.1;30579;0;
120353656;267378;Chakra;-;556114;Circoctel  Spanish edition;Own;1;4;2,3,4;2;30;30;1.76;120;6/9/2024;-;6.9;2123;24.41;
120359789;359970;Challengers!;-;631550;Spanish edition;Own,Wanttoplay;1;8;2,4,6,8;4,6,8;45;45;1.79;90;6/9/2024;-;7.1;960;16.63;
123163415;390340;Challengers! Beach Cup;-;727849;Spanish edition;Own,Wanttoplay;1;8;2,4,5,6,7,8;4,6,8;45;45;2.14;0;-;-;7.6;1574;20.08;
120344586;338031;Chamuyo: De una!;-;562765;Spanish edition;Own;3;6;-;-;30;30;0;0;-;-;5.2;0;0;
120353658;418467;Chantas;-;709028;Spanish edition;Own;6;16;-;-;15;45;0;120;18/9/2024;-;8;0;0;
144599332;462394;Castle Nightingale;-;786142;French edition;Own,Wanttoplay;2;2;2;2;30;45;2.17;0;-;-;8;9926;19;
120353671;205079;Checkpoint Charlie;-;540002;Spanish edition;Own;3;5;3,4,5;5;20;30;1.19;300;13/9/2024;-;6.7;6530;12.21;
144143220;359895;Chicken vs Hotdog;-;-;-;Own,Wanttoplay;2;10;4,5,6,7,8,10;6;15;60;1;0;-;-;5.9;16957;7.5;
120468846;156373;Chimera;-;235157;English edition;Own,Wanttoplay;3;3;3;3;45;45;2.16;130;19/9/2025;-;7;3898;12.05;
145316445;268012;Chronicles of Drunagor: Age of Darkness;-;601004;Spanish edition;Own,Wanttoplay;1;5;1,2,3,4,5;3;120;120;3.38;0;-;-;8.2;1638;142.83;
121003171;402676;Cities;-;718798;Spanish edition;Own;2;4;2,3,4;4;45;45;1.88;140;6/9/2024;-;7.3;979;17.15;
124051569;402676;Cities;-;718798;Spanish edition;Own,Wanttoplay;2;4;2,3,4;4;45;45;1.88;140;6/9/2024;-;7.3;979;17.15;
129029400;397857;Ciudad de 15 Minutos;-;675885;Spanish edition;Own,Wanttoplay,Preordered;2;5;-;-;10;20;0;30;11/2/2025;-;7.7;0;0;
124922498;368017;Point City;-;709768;Spanish edition;Own,Wanttoplay;1;4;1,2,3,4;2;15;30;1.68;390;16/11/2024;-;7.1;1145;10.95;
120466870;205398;Citadels;-;344594;Spanish edition 2017;Own,Wanttoplay;2;8;3,4,5,6,7;5;30;60;2.05;150;6/9/2024;-;7.2;563;12.8;
120344587;233961;Claim;-;562298;Top Toys Spanish edition;Own;2;2;2;2;25;25;1.65;192;13/9/2024;-;6.9;1419;25.57;
120467797;233961;Claim;-;562298;Top Toys Spanish edition;Prevowned,Wanttoplay;2;2;2;2;25;25;1.65;192;13/9/2024;-;6.9;1419;25.57;
120344593;249763;Claim 2;-;562300;Top Toys Spanish edition;Own;2;2;2;2;25;25;1.6;190;13/9/2024;-;6.9;2326;11.75;
120468693;249763;Claim 2;-;562300;Top Toys Spanish edition;Prevowned,Wanttoplay;2;2;2;2;25;25;1.6;190;13/9/2024;-;6.9;2326;11.75;
139137787;370325;Claim Anniversary Edition;-;635549;Spanish/Catalan edition;Own,Wanttoplay;2;4;2,3,4;2;25;35;1.75;0;-;-;7.4;6428;41.96;
120361100;233371;Clank! In! Space!: A Deck-Building Adventure;-;610225;Spanish edition;Own,Wanttoplay;2;4;2,3,4;3;45;90;2.58;110;16/8/2025;-;7.8;161;33.55;
120466210;365717;Clank!: Catacombs;-;686005;Spanish edition 2023;Own,Wanttoplay;2;4;2,3,4;3;45;90;2.48;10;16/8/2025;-;8.2;52;44.6;
120344596;201808;Clank!: A Deck-Building Adventure;-;445263;Spanish edition, second printing;Own;2;4;2,3,4;3;30;60;2.23;20;13/9/2024;-;7.8;100;30.87;
120361102;201808;Clank!: A Deck-Building Adventure;-;445263;Spanish edition, second printing;Prevowned,Wanttoplay;2;4;2,3,4;3;30;60;2.23;20;13/9/2024;-;7.8;100;30.87;
132588883;378959;Claro;-;762824;Maldón Spanish edition;Own;3;6;3,4,5,6;3;15;20;1;40;1/7/2025;-;6.5;11002;0;
135120834;378959;Claro;-;762824;Maldón Spanish edition;Prevowned,Wanttoplay;3;6;3,4,5,6;3;15;20;1;40;1/7/2025;-;6.5;11002;0;
120344602;295195;Clash of Armies: Medieval;-;482966;Spanish edition;Own;2;2;2;2;30;50;2.29;130;6/9/2024;-;7.6;10520;0;
120469029;295195;Clash of Armies: Medieval;-;482966;Spanish edition;Prevowned,Wanttoplay;2;2;2;2;30;50;2.29;130;6/9/2024;-;7.6;10520;0;
120344625;2452;Jenga;-;438176;Hasbro multilingual edition;Own;1;8;2,3,4,5,6;4;20;20;1.1;30;13/9/2024;-;5.7;10381;7.5;
128463185;2452;Jenga;-;438176;Hasbro multilingual edition;Own,Wanttoplay,Preordered;1;8;2,3,4,5,6;4;20;20;1.1;30;13/9/2024;-;5.7;10381;7.5;
120353677;400638;Cleptómano;-;679603;Spanish edition;Own;1;8;2,3,4,5,6;-;15;30;1.25;257;18/9/2024;-;8.1;12582;0;
128643900;400638;Cleptómano;-;679603;Spanish edition;Own;1;8;2,3,4,5,6;-;15;30;1.25;257;18/9/2024;-;8.1;12582;0;
140462012;458945;Clichés del Terror;-;781586;Spanish edition;Own;2;6;-;-;15;15;0;0;-;-;8.5;0;0;
122162301;313963;Cloud City;-;542031;Multilingual edition;Own,Wanttoplay;2;4;2,3,4;2;30;60;1.29;30;6/9/2024;-;6.4;4098;9.79;
140270095;262211;Cloudspire;-;565695;Spanish edition;Own,Wanttoplay;1;4;1,2,3,4;1,2;90;180;4.4;0;-;-;8.2;341;154.63;
120344653;1294;Clue;-;365495;Hasbro Spanish second edition;Own;2;6;3,4,5,6;4,5;45;45;1.64;90;13/9/2024;-;5.7;11027;13.38;
121917424;143515;Coal Baron;-;622662;Multilingual Kickstarter edition;Own,Wanttoplay;2;4;2,3,4;3,4;60;75;2.54;0;-;-;7.3;893;35.68;
127914617;11971;Cockroach Poker;-;377412;English/French second edition;Own,Wanttoplay;2;6;3,4,5,6;5;20;20;1.1;300;11/1/2025;-;6.8;1087;6.3;
120344656;339790;Cocktail;-;566007;Spanish edition;Own;2;9;3,4,5,6,7,8,9;6,7,8,9;15;45;1.25;0;-;-;8.3;12316;0;
134008432;3570;Chicken Cha Cha Cha;-;672198;Devir Iberian edition;Own,Wanttoplay;2;4;2,3,4;4;15;20;1.12;420;16/9/2025;-;6.6;2657;22.85;
120358916;145639;Coconuts;-;410227;Spanish edition;Own,Wanttoplay;2;4;2,3,4;4;20;20;1.04;210;6/9/2024;-;7;1325;22.79;
128759705;145639;Coconuts;-;410227;Spanish edition;Own,Wanttoplay;2;4;2,3,4;4;20;20;1.04;210;6/9/2024;-;7;1325;22.79;
120358918;163929;Coconuts Duo;-;598416;Spanish edition;Own,Wanttoplay;2;2;2;2;20;20;1;380;6/9/2024;-;6.9;6117;18.75;
120358896;314503;Codex Naturalis;-;517957;English/French edition;Own,Wanttoplay;1;4;2,3,4;2,3;20;30;1.77;220;6/9/2024;-;7.2;904;11.26;
120344660;344072;Código Ergo Sum;-;573956;Spanish edition;Own;1;50;-;-;5;10;0;0;-;-;6.9;0;0;
120361406;344072;Código Ergo Sum;-;573956;Spanish edition;Own,Wanttoplay;1;50;-;-;5;10;0;0;-;-;6.9;0;0;
120344663;178900;Codenames;-;285520;Spanish edition 2015;Own;2;8;4,5,6,7,8;6,8;15;15;1.26;210;13/9/2024;-;7.5;162;7.48;
120361959;178900;Codenames;-;285520;Spanish edition 2015;Prevowned,Wanttoplay;2;8;4,5,6,7,8;6,8;15;15;1.26;210;13/9/2024;-;7.5;162;7.48;
120360137;224037;Codenames: Duet;-;401624;Spanish edition;Own,Wanttoplay;2;2;2;2;15;30;1.36;230;13/9/2024;-;7.4;275;8.9;
120474941;342140;Código Secreto: Expansión promocional Argentina;Y;570516;Spanish edition;Prevowned,Wanttoplay;2;8;-;-;15;15;0;0;-;-;7.3;0;0;
120358880;198773;Codenames: Pictures;-;343365;Spanish edition;Own,Wanttoplay;2;8;4,5,6,7,8;6;15;15;1.24;645;13/9/2024;-;7.2;506;8.46;
121917443;377061;Coffee Rush;-;711881;French edition;Own,Wanttoplay;2;4;2,3,4;3;30;30;1.79;50;6/9/2024;-;7.1;1254;23.47;
139133402;377061;Coffee Rush;-;697070;Spanish edition;Own;2;4;2,3,4;3;30;30;1.79;50;6/9/2024;-;7.1;1254;23.47;
140462759;377061;Coffee Rush;-;697070;Spanish edition;Own;2;4;2,3,4;3;30;30;1.79;50;6/9/2024;-;7.1;1254;23.47;
140219194;325022;Coffee Traders;-;570414;Spanish edition;Own,Wanttoplay;2;5;3,4,5;4,5;120;150;4.27;0;-;-;7.7;1099;47.22;
122621549;31393;Coggle;-;-;-;Own;2;6;-;-;15;15;1;410;13/9/2024;-;5.2;0;0;
120359885;245638;Coimbra;-;425193;Portuguese/Spanish edition;Own,Wanttoplay;2;4;2,3,4;3;60;90;3.24;100;13/9/2024;-;7.6;263;21.32;
140801906;345863;Hunters of the Lost Creatures;-;709521;Spanish edition;Own;2;5;3,5;3,5;15;20;1.14;0;-;-;6.7;10632;0;
120361897;154203;Imperial Settlers;-;260967;Spanish edition;Own,Wanttoplay;1;4;1,2,3,4;2;45;90;2.78;0;-;-;7.3;395;27.48;
120361914;270844;Imperial Settlers: Empires of the North;-;479478;Spanish edition;Own,Wanttoplay;1;4;1,2,3;2;45;90;2.81;310;19/8/2025;-;7.4;598;30.81;
120360120;5782;Coloretto;-;502802;Spanish/Portuguese edition;Own,Wanttoplay;2;5;2,3,4,5;4;30;30;1.27;270;19/9/2024;-;7;731;6.92;
120353699;269160;Colors of Paris;-;613202;Spanish/Portuguese edition;Own;2;4;2,3,4;4;40;60;2.19;140;13/9/2024;-;6.9;3141;18.87;
120360988;269160;Colors of Paris;-;613202;Spanish/Portuguese edition;Own,Wanttoplay;2;4;2,3,4;4;40;60;2.19;140;13/9/2024;-;6.9;3141;18.87;
135154621;146149;Colorum;-;-;-;Own;2;4;2,3,4;4;15;15;1.04;680;16/9/2025;-;6.2;5415;6.97;
135154630;146149;Colorum;-;-;-;Own;2;4;2,3,4;4;15;15;1.04;680;16/9/2025;-;6.2;5415;6.97;
125965813;223742;Colourbrain;-;457642;Spanish edition;Own;2;12;2,3,4,5,6,7,8,9,10,11,12;4,6,8,9,12;30;30;1;130;3/12/2024;-;6.3;6436;10.5;
120359879;158899;Colt Express;-;276429;Spanish edition;Own,Wanttoplay;2;6;3,4,5,6;5,6;40;40;1.84;190;6/9/2024;-;7.1;556;16.34;
121198925;299027;Colt Super Express;-;489425;French edition;Own;3;7;3,4,5,6,7;5,6;15;20;1.12;250;13/9/2024;-;6.8;2811;11.24;
120353702;166071;Combate de San Lorenzo;-;252965;First edition;Own;1;6;6;6;90;180;2.13;0;-;-;6.1;23431;0;
120468662;243430;Dealt!;-;642288;Fractal Juegos Spanish edition;Own,Wanttoplay;3;5;3,4;4;30;30;1.44;0;-;-;7;2235;7.07;
121317690;348096;Kites;-;681926;Spanish edition;Own,Wanttoplay;2;6;2,3,4,5,6;4,5,6;10;10;1.07;10;13/9/2024;-;6.9;1718;7.31;
120353713;377378;Compostate Bien: El Juego;-;644438;Spanish edition;Own;2;5;-;-;30;90;1.5;75;13/9/2024;-;8.3;14347;0;
126186683;433451;Con eso no se jode;-;735976;Spanish edition;Own;3;10;-;-;15;15;0;810;5/12/2024;-;5.2;0;0;
126633023;433455;Con eso no se jode: Edición Morboluxe;-;735980;Spanish edition;Own;3;10;3,4,5,6,7,8;4,5,6;15;15;1;810;16/12/2024;-;6.9;0;0;
135601280;452545;Con las Manos en la Mesa: 5 Cards;-;770129;Spanish edition;Own;3;10;-;-;5;5;0;0;-;-;8;0;0;
120360271;147151;Concept;-;570523;Spanish second edition;Own,Wanttoplay;4;12;3,4,5,6,7,8,9,10,11,12;6;40;40;1.38;70;6/9/2024;-;6.7;1133;11.32;
129131780;124361;Concordia;-;656241;Portuguese/Spanish seventh edition;Own,Wanttoplay;2;5;2,3,4,5;4;100;100;2.99;545;17/9/2025;-;8.1;29;34.69;
120344665;215503;Conejos en el Huerto;-;335862;Spanish edition;Own;2;4;3,4;3;20;40;2.11;190;6/9/2024;-;7.3;9523;15;
120361394;215503;Conejos en el Huerto;-;335862;Spanish edition;Own,Wanttoplay;2;4;3,4;3;20;40;2.11;190;6/9/2024;-;7.3;9523;15;
140442128;352821;Connecto;-;-;-;Own,Wanttoplay;1;10;-;-;30;30;1;180;9/2/2026;-;6.2;17478;5;
120353726;276042;Conspiracy: Abyss Universe;-;556733;Buró Portuguese/Spanish edition (blue cover);Own;2;4;2,3,4;2,3;30;30;1.8;210;6/9/2024;-;7.2;1270;10.8;
120474604;276042;Conspiracy: Abyss Universe;-;556979;Buró Portuguese/Spanish edition (green cover);Prevowned,Wanttoplay;2;4;2,3,4;2,3;30;30;1.8;210;6/9/2024;-;7.2;1270;10.8;
120344667;369303;Conspiranoicos;-;628836;Spanish edition;Own;2;2;2;2;15;15;1;210;18/9/2024;-;6.5;0;0;
120474943;369303;Conspiranoicos;-;628836;Spanish edition;Prevowned,Wanttoplay;2;2;2;2;15;15;1;210;18/9/2024;-;6.5;0;0;
120474934;372202;Contame: Terror;-;634914;Spanish edition;Prevowned,Wanttoplay;1;6;-;-;20;40;0;0;-;-;6.3;0;0;
120344669;218465;Contrast;-;562292;Top Toys Spanish edition;Own;2;6;3,4,5,6;5,6;10;20;1;120;13/9/2024;-;6.1;14458;9.14;
120467856;269595;Copenhagen;-;478353;Spanish/Portuguese/Italian edition;Own,Wanttoplay;2;4;2,3,4;4;20;40;1.69;150;6/9/2024;-;6.9;1526;29.81;
123140347;343899;Coral;-;573647;Multilingual edition;Own,Wanttoplay;1;4;1,2,3,4;-;10;20;1.38;450;16/9/2025;-;6.6;5928;12.33;
120361104;223454;Corona de Hierro;-;349201;Spanish edition;Own,Wanttoplay;3;5;3,4,5;3;45;60;2.64;0;-;-;7.2;13656;0;
120361540;298164;Volle Weide;-;539371;Fractal Spanish edition;Own,Wanttoplay;1;6;2,3,4,5,6;3;10;10;1;0;-;-;6.3;10802;17.81;
120788921;25427;Run Rabbit Run;-;-;-;Own;2;4;-;-;0;0;0;110;13/9/2024;-;5.3;0;0;
120790346;25427;Run Rabbit Run;-;-;-;Prevowned,Wanttoplay;2;4;-;-;0;0;0;110;13/9/2024;-;5.3;0;0;
120468769;344277;Corrosion;-;586324;Spanish edition;Own,Wanttoplay;1;4;1,2,3;2;60;120;3.32;0;-;-;7;2589;14.42;
140801657;254759;Corruptia;-;435516;Spanish second edition;Own;3;5;3,4,5;5;45;60;2.38;0;-;-;6.9;14359;10;
133825186;402283;Courtisans;-;749463;Spanish edition;Own,Wanttoplay;2;5;2,3,4,5;4;20;30;1.31;90;17/9/2025;-;7.3;1074;19.54;
131019428;206175;Braintopia;-;726829;Multilingual edition 2022;Own,Wanttoplay;2;6;2,3,4,5,6;4;15;15;1.06;260;5/4/2025;-;6.2;5411;8.81;
136496842;313964;Drinking Quest: Old Habits;-;-;-;Own;2;4;-;-;60;120;0;410;16/9/2025;-;6.7;0;2;
141317495;362020;Cosmoctopus;-;700938;Spanish edition;Own;1;4;2,3,4;2;60;90;2.25;0;-;-;7.2;1825;21.68;
123129910;204027;Cottage Garden;-;353920;Spanish edition;Own,Wanttoplay;1;4;1,2,3,4;3;60;60;1.89;90;16/10/2024;-;6.8;1225;17.36;
122634952;292643;Fifty;-;713277;Spanish edition;Own;3;7;4,5;-;10;15;1.13;230;13/9/2024;-;5.9;19391;0;
124627439;292643;Fifty;-;713277;Spanish edition;Prevowned,Wanttoplay;3;7;4,5;-;10;15;1.13;230;13/9/2024;-;5.9;19391;0;
130810779;292643;Fifty;-;713277;Spanish edition;Own;3;7;4,5;-;10;15;1.13;230;13/9/2024;-;5.9;19391;0;
120344674;158408;Coup: Deluxe Edition;-;410512;El Dragón Azul Spanish edition;Own;2;8;4,5,6,7,8;4,5,6;15;15;1.37;70;13/9/2024;-;7.3;0;36.69;
120469147;158408;Coup: Deluxe Edition;-;410512;El Dragón Azul Spanish edition;Prevowned,Wanttoplay;2;8;4,5,6,7,8;4,5,6;15;15;1.37;70;13/9/2024;-;7.3;0;36.69;
136282521;25535;Couples;-;-;-;Own;2;4;2,3,4;-;75;75;2;450;30/1/2026;-;5.1;0;20.07;
135122641;262818;The Cousins' War (Second Edition);-;428369;Spanish edition;Own,Wanttoplay;2;2;2;2;30;30;2.12;110;19/9/2025;-;7.1;5581;20.61;
141963771;429863;Covenant;-;729797;ENG/SPA/CAT edition;Own;1;4;1,2,3,4;3;100;100;3.71;0;-;-;7.7;1691;52.58;
142256779;429863;Covenant;-;729797;ENG/SPA/CAT edition;Own,Wanttoplay;1;4;1,2,3,4;3;100;100;3.71;0;-;-;7.7;1691;52.58;
120344733;8172;Coyote;-;569348;Iberian edition;Own;3;6;4,5,6;5,6;20;30;1.18;260;13/9/2024;-;6.6;3134;16.26;
120361308;8172;Coyote;-;569348;Iberian edition;Own,Wanttoplay;3;6;4,5,6;5,6;20;30;1.18;260;13/9/2024;-;6.6;3134;16.26;
120344736;891;Cranium;-;491915;Spanish edition 2016;Own;4;99;4,5,6,7,8,9,10,11,12,14,16;8;60;60;1.42;190;13/9/2024;-;5.7;10909;6.78;
128166972;319579;Crash Octopus;-;625492;French edition;Own,Wanttoplay;1;5;3,4,5;4;20;30;1.36;25;19/2/2025;-;6.9;3116;47.33;
120789225;128185;Crazy Boat;-;-;-;Own,Wanttoplay,Preordered;2;4;2,3,4;-;3;3;1.09;170;13/9/2024;-;5;30178;9;
120344747;324856;The Crew: Mission Deep Sea;-;544693;English edition;Own;2;5;3,4,5;4;20;20;2.05;360;13/9/2024;-;8;43;9.95;
145423566;400366;Wondrous Creatures;-;702435;Spanish edition;Own,Wanttoplay;1;4;1,2,3;2,3;40;80;3.02;0;-;-;8.1;256;85.42;
144182355;276105;Crisis: El mundo en juego (Edición de viaje);-;450513;Spanish edition;Own,Wanttoplay,Preordered;2;4;-;-;40;90;0;0;-;-;5.7;0;0;
120361651;521;Crokinole;-;-;-;Own,Wanttoplay;2;4;2,4;2,4;30;30;1.23;200;6/9/2024;-;8.1;46;91.62;
143669883;347137;Chronicles of Avel;-;585758;Spanish edition;Own,Wanttoplay;1;4;1,2,3,4;3,4;60;60;1.95;0;-;-;7.5;1219;24.26;
120361886;239188;Chronicles of Crime;-;416318;Spanish edition;Own,Wanttoplay;1;4;1,2,3;2;60;90;2.06;210;20/8/2025;-;7.5;345;15.96;
133824757;300300;Chronicles of Crime: 1400;-;527280;Spanish edition;Own,Wanttoplay;1;4;1,2,3;2;60;90;1.99;270;16/9/2025;-;7.7;801;10.65;
120344752;351956;Crop Circles;-;588993;Spanish edition;Own;1;12;1,2,3,4,5,6;3;15;25;2;190;18/9/2024;-;7.2;11887;40;
120353746;351956;Crop Circles;-;588993;Spanish edition;Own;1;12;1,2,3,4,5,6;3;15;25;2;190;18/9/2024;-;7.2;11887;40;
120361545;351956;Crop Circles;-;588993;Spanish edition;Own,Wanttoplay;1;12;1,2,3,4,5,6;3;15;25;2;190;18/9/2024;-;7.2;11887;40;
120345979;254124;Cruce de los Andes, Vol. 1: Gobernación;-;493581;Second edition;Own;1;3;-;-;30;30;0;0;-;-;7.4;0;0;
135742913;320;Scrabble;-;-;-;Own;2;4;2,3,4;2;90;90;2.05;120;24/8/2025;-;6.3;2422;9.19;
120344754;246784;Cryptid;-;395316;English edition;Own;3;5;3,4,5;4;30;50;2.26;10;6/9/2024;-;7.4;337;16.84;
120361892;246784;Cryptid;-;445028;Spanish edition;Prevowned,Wanttoplay;3;5;3,4,5;4;30;50;2.26;10;6/9/2024;-;7.4;337;16.84;
121317710;253344;Cthulhu: Death May Die;-;490387;Spanish edition;Own,Wanttoplay;1;5;1,2,3,4;3;90;120;2.5;70;3/9/2024;-;8.2;54;101.18;
124427376;373600;Cthulhu: Death May Die – Fear of the Unknown;-;-;-;Own,Wanttoplay;1;5;1,2,3,4;3;90;90;2.73;220;15/1/2025;-;8.7;852;133.27;
120360446;245476;CuBirds;-;536420;English 2020 edition;Own,Wanttoplay;2;5;2,3,4,5;3;20;20;1.31;210;13/9/2024;-;6.9;1170;10.64;
120358767;298069;Cubitos;-;570354;Spanish edition;Own,Wanttoplay;2;4;2,3,4;3,4;30;60;2.17;100;13/9/2024;-;7.4;510;25.51;
120353776;193551;Mutant Crops;-;562286;Spanish second edition;Own;1;4;2,3,4;-;15;30;2;10;18/9/2024;-;6.6;7166;11.91;
120361461;193551;Mutant Crops;-;562286;Spanish second edition;Own,Wanttoplay;1;4;2,3,4;-;15;30;2;10;18/9/2024;-;6.6;7166;11.91;
133878836;376893;Cyberion;-;745358;Spanish edition;Own,Wanttoplay;1;2;1,2;1;20;40;1.93;30;19/9/2025;-;7.9;2345;16.84;
120359765;54998;Cyclades;-;619791;Multilingual edition 2019;Own,Wanttoplay;2;5;3,4,5;4,5;60;90;2.82;140;6/9/2024;-;7.5;270;32.96;
136390629;188084;Shotzee! Dice Drinking Game;-;-;-;Own;2;6;-;-;0;0;0;0;-;-;4;0;0;
131476007;402677;Daitoshi;-;683352;CA/EN/ES edition;Own;1;4;2,3;3;120;120;3.94;350;19/8/2025;-;7.5;2038;29.38;
135121849;402677;Daitoshi;-;683352;CA/EN/ES edition;Prevowned,Wanttoplay;1;4;2,3;3;120;120;3.94;350;19/8/2025;-;7.5;2038;29.38;
120344764;265381;DANY;-;539164;Buró Spanish edition;Own;3;8;4,5,6,7,8;6,7;20;30;1.23;290;13/9/2024;-;6.8;4876;16.44;
120360370;378293;Daruma;-;646096;English/Spanish edition;Own,Wanttoplay;2;5;3,4,5;4;20;40;1.17;830;19/9/2024;-;6.9;8943;25;
126710865;322289;Darwin's Journey;-;620748;Spanish edition;Own,Wanttoplay;1;4;1,2,3,4;3;60;120;3.89;30;19/8/2025;-;8.1;89;46.87;
120353804;418350;Datos No Opiniones: Drogas Legales (Y de las Otras);-;708772;Spanish edition;Own;2;10;-;-;15;30;0;410;19/9/2024;-;6.9;0;0;
120353812;418352;Datos No Opiniones: El Reviente del Rock;-;708774;Spanish edition;Own;2;10;-;-;15;30;0;0;-;-;7.9;0;0;
121317646;422133;Datos No Opiniones: La Historia de la Selección;-;716088;Spanish edition;Own;2;10;-;-;15;30;0;400;19/9/2024;-;7.4;0;0;
120353800;418351;Datos No Opiniones: Sexo y Otras Chanchadas;-;708773;Spanish edition;Own;2;10;-;-;15;30;0;900;19/9/2024;-;7.6;0;0;
134420688;334986;Daybreak;-;727130;Spanish edition;Own,Wanttoplay;1;4;1,2,3,4;-;60;120;2.86;380;16/8/2025;-;7.7;446;32.88;
142530009;401596;DCeased: A Zombicide Game;-;-;-;Own;1;6;1,2,3,4;2,4;60;60;2.6;0;-;-;7.4;18452;20;
145316453;380135;Dead Cells: The Rogue-Lite Board Game;-;782556;Spanish edition;Own,Wanttoplay;1;4;1,2,3;3;45;45;2.35;0;-;-;7.6;1628;87.34;
125649918;184522;Dead Last;-;300693;English edition;Own,Wanttoplay,Preordered;6;12;6,7,8,9,10,11,12;8,9,10;45;60;1.16;750;27/12/2024;-;6.2;4446;12.44;
120344772;193037;Dead of Winter: The Long Night;-;315015;Spanish edition;Own;2;5;3,4,5;4;60;120;3.33;40;6/9/2024;-;7.5;426;26.95;
120361093;150376;Dead of Winter: A Crossroads Game;-;250634;Spanish edition;Own,Wanttoplay;2;5;3,4,5;4;60;120;3.01;0;-;-;7.4;251;21.35;
142146209;372052;Shitty Choices;-;634684;Spanish edition;Own;5;30;-;-;20;40;1;0;-;-;6.3;24920;0;
141283310;429853;Deep Dreams;-;729774;Multilingual edition;Own;2;5;2;2;10;15;1;0;-;-;6.3;22793;0;
141283328;429853;Deep Dreams;-;729774;Multilingual edition;Own,Wanttoplay;2;5;2;2;10;15;1;0;-;-;6.3;22793;0;
120787582;169654;Deep Sea Adventure;-;309913;Multilingual edition (English cover);Own,Wanttoplay;2;6;3,4,5,6;4;30;30;1.18;540;19/9/2024;-;6.9;935;8.03;
124219404;372649;Defenders of the Wild;-;635725;English edition;Own;1;4;1,2,3,4;2;60;120;3.13;620;19/10/2024;-;7.1;3895;28.18;
130209978;415836;Slide;-;716711;French edition;Own,Wanttoplay;2;6;2,3,4,5,6;-;15;15;1.13;950;17/9/2025;-;6.4;4968;16.11;
144567985;405118;DeliCats;-;788088;Neptuno Spanish edition;Own;2;4;2,3,4;2,3,4;10;20;1.5;0;-;-;6.7;18523;0;
144568046;405118;DeliCats;-;788088;Neptuno Spanish edition;Own;2;4;2,3,4;2,3,4;10;20;1.5;0;-;-;6.7;18523;0;
120344777;340123;Derby;-;566637;Spanish edition;Own;2;6;3,4,5,6;4;30;30;1.5;30;13/9/2024;-;7.2;13204;0;
120344782;341783;Desafío Vocablos;-;569838;Spanish edition;Own;1;4;-;-;20;40;0;740;19/9/2024;-;6.7;0;0;
140270321;322708;Descent: Legends of the Dark;-;602065;Spanish edition;Own,Wanttoplay;1;4;1,2,3,4;4;120;180;2.7;0;-;-;7.9;487;73.16;
120344784;227466;Break the Code;-;582988;Buró Spanish edition;Own;2;4;2,3,4;2;15;15;1.71;90;13/9/2024;-;7;2188;9.78;
120468690;227466;Break the Code;-;582988;Buró Spanish edition;Prevowned,Wanttoplay;2;4;2,3,4;2;15;15;1.71;90;13/9/2024;-;7;2188;9.78;
137656312;1117;You're Bluffing!;-;-;-;Own;3;5;3,4,5;5;45;45;1.63;120;23/1/2026;-;6.6;2295;9.97;
136092109;20975;Desconfio;-;-;-;Own;2;6;-;-;0;0;0;0;-;-;0;0;0;
120353796;347167;Desde el Banco: Fútbol de Tablero;-;579933;Spanish edition;Own;2;2;-;-;30;45;0;0;-;-;7.7;0;0;
120360272;369519;Stupefy!;-;650507;Spanish edition;Own,Wanttoplay;4;8;4,5,6,7,8;4,6,8;30;30;1.3;110;6/9/2024;-;6.3;9981;0;
120361215;293531;Detective: A Modern Crime Board Game – Season One;-;517316;Spanish edition;Own,Wanttoplay;1;5;1,2,3;2;90;120;2.03;440;16/9/2025;-;6.8;3354;11.53;
120360546;162082;Deus;-;598377;Spanish edition;Own,Wanttoplay;2;4;2,3,4;3;60;90;2.83;200;16/8/2025;-;7.3;609;18.97;
144595415;439742;Dewan;-;788833;French edition;Own,Wanttoplay;2;4;2,3,4;3;40;40;2.1;0;-;-;7.4;2301;57.6;
120344790;369301;Día de Playa;-;628832;Spanish first edition;Own;1;4;1,2,4;-;15;20;1.33;220;18/9/2024;-;7.5;10763;0;
120788477;369301;Día de Playa;-;628832;Spanish first edition;Prevowned,Wanttoplay;1;4;1,2,4;-;15;20;1.33;220;18/9/2024;-;7.5;10763;0;
120360157;15512;Diamant;-;318886;IELLO English edition 2016;Own,Wanttoplay;3;8;3,4,5,6,7,8;6,7,8;20;40;1.11;360;6/9/2024;-;6.8;893;16.49;
136390647;28517;Problemas de Diccionario;-;-;-;Own;4;6;5,6;6;45;45;1;70;17/9/2025;-;6;0;0;
120360937;194594;Dice Forge;-;302357;English edition 2017;Own,Wanttoplay;2;4;2,3,4;4;45;45;1.97;70;2/10/2024;-;7.2;495;19.45;
120344792;218121;Dice Hospital;-;386677;Spanish edition;Own;1;4;1,2,3,4;3;45;90;2.34;0;-;-;7.1;956;33.34;
120344798;361480;Dígalo con Memes;-;610021;Spanish 2022 edition;Own;3;99;-;-;30;90;0;260;6/9/2024;-;5.1;0;0;
135561776;361480;Dígalo con Memes;-;610021;Spanish 2022 edition;Own;3;99;-;-;30;90;0;260;6/9/2024;-;5.1;0;0;
135834689;437781;Digit Code;-;743575;ENG/JAP/KOR edition;Own;2;5;2;2;20;25;1.92;145;17/9/2025;-;6.3;7142;16;
125500521;432305;Dino Delivery;-;733944;Spanish edition;Own;2;4;-;-;15;30;0;115;25/11/2024;-;7.7;0;0;
120344843;369979;Dino Luchas;-;630328;Spanish edition;Own;2;2;-;-;5;10;1;170;18/9/2024;-;6.4;0;0;
120361095;221194;Dinosaur Island;-;478916;Spanish edition;Own,Wanttoplay;1;4;1,2,3,4;3;90;120;3.05;0;-;-;7.5;281;30.06;
120353819;317457;Dinosaur World;-;592200;Spanish edition;Own;2;4;1,2,3,4;3;60;120;3.27;0;-;-;7.3;1012;41.09;
120360873;317457;Dinosaur World;-;592200;Spanish edition;Own,Wanttoplay;2;4;1,2,3,4;3;60;120;3.27;0;-;-;7.3;1012;41.09;
120344855;366067;Disc Cover;-;622011;Multilingual edition;Own;3;8;3,4,5,6,7,8;6;20;20;1.1;180;6/9/2024;-;6.5;8923;8;
122463303;360206;Discordia;-;649969;French edition;Own,Wanttoplay;1;4;1,2,3,4;2;60;90;3.01;0;-;-;7.4;1926;32.78;
120359046;295895;Distilled;-;575573;Spanish edition;Own,Wanttoplay;1;5;1,2,3,4;3;30;150;3.03;0;-;-;7.8;276;63.58;
134251307;216497;District Noir;-;765228;Spanish edition;Own,Wanttoplay;2;2;2;2;10;20;1.33;80;17/9/2025;-;7;1999;8.67;
120344872;39856;Dixit;-;302789;Morapiaf Spanish/Portuguese/Catalan edition;Own;3;6;4,5,6;5,6;30;30;1.19;210;6/9/2024;-;7.2;425;12.07;
120360199;39856;Dixit;-;302789;Morapiaf Spanish/Portuguese/Catalan edition;Own,Wanttoplay;3;6;4,5,6;5,6;30;30;1.19;210;6/9/2024;-;7.2;425;12.07;
125899795;381308;Dixit: Disney Edition;-;680710;Portuguese/Spanish edition;Own,Wanttoplay;3;6;3,4,5,6;5,6;30;30;1.1;10;15/1/2025;-;7.4;1874;15;
120360201;92828;Dixit: Odyssey;-;128205;English first edition;Own,Wanttoplay;3;12;4,5,6,7,8,9,10,11,12;6;30;30;1.16;20;6/9/2024;-;7.4;351;26.25;
120344898;63268;Spot it!;-;580952;Top Toys Spanish edition;Own;2;8;2,3,4,5,6,7;4,5;15;15;1.04;170;6/9/2024;-;6.5;1679;5.48;
128463171;63268;Spot it!;-;580952;Top Toys Spanish edition;Own,Wanttoplay,Preordered;2;8;2,3,4,5,6,7;4,5;15;15;1.04;170;6/9/2024;-;6.5;1679;5.48;
120344901;63268;Spot it!;-;636214;Top Toys Spanish edition;Own;2;8;2,3,4,5,6,7;4,5;15;15;1.04;170;6/9/2024;-;6.5;1679;5.48;
120358724;295490;Dodo;-;616976;Iberian edition;Own,Wanttoplay;2;4;2,3,4;-;10;10;1.05;34;6/9/2024;-;6.5;5745;16.61;
120360191;331401;Dog Park;-;644027;Spanish edition;Own,Wanttoplay;1;4;1,2,3,4;3,4;40;80;2.16;0;-;-;6.9;1816;32.48;
122162291;271821;Dog Rush;-;-;-;Own,Wanttoplay;2;6;-;-;0;0;0;360;18/9/2024;-;4.9;0;0;
140801605;330995;Dogs Alone;-;745410;Spanish second edition;Own;2;5;2,3,4,5;4;20;40;2;0;-;-;6.8;14414;0;
133663159;390422;Command of Nature;-;736970;Spanish edition;Own,Wanttoplay,Preordered;2;4;2;2;30;60;2.4;0;-;-;6.9;4405;55.86;
120361865;209418;Dominion: Second Edition;-;415949;Spanish edition;Own,Wanttoplay;2;4;2,3,4;2,3;30;30;2.17;230;6/9/2024;-;7.8;175;22.47;
120352624;2394;Dominó Huellas;-;-;-;Own;2;10;2,3,4;4;30;30;1.37;80;13/9/2024;-;5.6;25580;5;
121918315;370591;Dorfromantik: The Board Game;-;701755;Spanish edition;Own,Wanttoplay;1;6;1,2,3;1,2;30;60;1.63;80;18/9/2024;-;7.6;325;18.43;
120361911;215311;Downforce;-;463258;Spanish edition;Own,Wanttoplay;2;6;2,3,4,5,6;3,6;20;40;1.74;190;6/9/2024;-;7.3;511;19.68;
120344910;181345;Dr. Eureka;-;411310;Ruibal Spanish edition;Own;2;4;2,3,4;3,4;15;15;1.06;90;6/9/2024;-;6.5;2366;7.44;
121918287;381278;Dracula vs Van Helsing;-;708496;Spanish edition;Own,Wanttoplay;2;2;2;2;20;45;1.76;20;13/9/2024;-;7.4;1206;15.56;
120344914;264055;Draftosaurus;-;537475;Fractal/Neptuno Spanish edition;Own;2;5;2,3,4,5;4;15;15;1.24;140;6/9/2024;-;7.1;677;25.35;
120467165;264055;Draftosaurus;-;513177;Fractal Spanish edition;Prevowned,Wanttoplay;2;5;2,3,4,5;4;15;15;1.24;140;6/9/2024;-;7.1;677;25.35;
140270450;22923;Dragon Stripes;-;585760;English edition;Own;2;6;2,3,4,5;4,5;30;30;1.5;0;-;-;5.2;27886;25.16;
120353830;374895;Dragones del Mar;-;639596;Fractal Juegos Spanish edition;Own;2;5;2,3,4,5;4;30;45;1.98;90;6/9/2024;-;7.3;2641;31.29;
125392515;383109;Dragonkeepers;-;708404;Spanish edition;Own,Wanttoplay;2;4;2,3,4;3;20;20;1.96;220;16/11/2024;-;7.1;2207;14.47;
120344937;240827;Dragons;-;515552;Buró Spanish edition;Own;3;6;3,4,5,6;4,5;30;30;1.36;580;13/9/2024;-;6.3;8150;12.55;
121009952;240827;Dragons;-;515552;Buró Spanish edition;Prevowned,Wanttoplay;3;6;3,4,5,6;4,5;30;30;1.36;580;13/9/2024;-;6.3;8150;12.55;
136522273;231038;Dreamscape;-;480259;French-only edition;Own,Wanttoplay;1;4;1,2,3;2;60;90;3.13;0;-;-;7.3;2718;42.62;
133673508;405537;DroPolter;-;726529;French edition;Own,Wanttoplay;2;5;2,3,4,5;4;20;20;1.02;570;1/7/2025;-;7.1;1624;15.71;
133447125;422019;Duck & Cover;-;759893;French edition;Own,Wanttoplay;2;7;2,3,4,5,6,7;6;15;20;1.04;50;17/9/2025;-;6.7;3017;13.46;
120353837;324242;Sheepy Time;-;592183;Spanish edition;Own;1;4;2,3,4;3,4;30;45;1.79;0;-;-;6.9;3553;10;
120359744;316554;Dune: Imperium;-;567253;Spanish edition;Own,Wanttoplay;1;4;1,2,3,4;3,4;60;120;3.08;20;13/9/2024;-;8.4;6;38.74;
123387605;397598;Dune: Imperium – Uprising;-;727117;Spanish edition;Own,Wanttoplay;1;6;1,2,3,4,6;4;60;120;3.52;0;-;-;8.7;5;52.89;
125233359;367150;Dune: War for Arrakis;-;727194;Spanish edition;Own,Wanttoplay;1;4;2,4;2;120;120;3.65;560;16/8/2025;-;8.5;261;165.38;
120344953;1339;Dungeon!;-;226404;English edition 2014;Own;1;8;2,3,4,5,6;4;30;60;1.55;0;-;-;6;5336;17.38;
120359954;275840;Dungeon Academy;-;501654;Buró Spanish edition;Own,Wanttoplay;1;6;1,2,3,4,5,6;-;20;20;1.44;410;6/9/2024;-;6.7;5161;13.41;
120353842;357028;Dungeon Fighter: Second Edition;-;626519;Spanish edition;Own;1;6;2,3,4,5;3;45;60;1.74;90;13/9/2024;-;7.4;1892;51.63;
120468704;357028;Dungeon Fighter: Second Edition;-;626519;Spanish edition;Prevowned,Wanttoplay;1;6;2,3,4,5;3;45;60;1.74;90;13/9/2024;-;7.4;1892;51.63;
120360389;315975;Dungeon Fighter in the Labyrinth of Sinister Storms;-;633570;Spanish edition;Own,Wanttoplay;1;4;-;-;45;60;2;210;13/9/2024;-;7.6;7124;16.74;
140632255;397138;Dungeon Legends;-;755727;Spanish edition;Own,Wanttoplay;1;4;1,2,3,4;2;60;90;2.18;0;-;-;7.5;4560;26.74;
120353846;341284;Dungeon Lite: Orcs and Knights;-;568979;Spanish edition;Own;1;4;1,2,3;1;90;120;2.4;595;17/9/2025;-;7.1;7206;0;
120358656;97207;Dungeon Petz;-;628961;Spanish/Portuguese edition;Own,Wanttoplay;2;4;2,3,4;4;90;90;3.63;470;6/9/2024;-;7.4;372;20.15;
120353892;257164;Dungeon Raiders;-;414456;Spanish edition;Own;3;5;3,4,5;4,5;20;30;1.28;290;13/9/2024;-;7.1;3347;9;
121232914;59946;Dungeons & Dragons: Castle Ravenloft Board Game;-;59829;English edition;Own,Wanttoplay,Preordered;1;5;1,2,3,4,5;4;60;60;2.5;0;-;-;7;1121;30.15;
130874269;91872;Dungeons & Dragons: The Legend of Drizzt Board Game;-;99204;English edition;Own,Wanttoplay,Preordered;1;5;1,2,3,4,5;3,4;60;60;2.59;0;-;-;7.2;1019;30.27;
120469150;313454;Dungeons & Drinks;-;515578;Spanish first edition;Prevowned,Wanttoplay;2;6;3,4;3;45;45;1.29;0;-;-;6.2;21896;0;
140219243;22348;Duplik;-;775488;English edition 2025;Own;3;10;3,4,5,6,7,8,9,10;5,6;45;45;1.21;20;30/1/2026;-;7;2105;18.46;
140219250;22348;Duplik;-;775488;English edition 2025;Prevowned,Wanttoplay;3;10;3,4,5,6,7,8,9,10;5,6;45;45;1.21;20;30/1/2026;-;7;2105;18.46;
134251462;271055;Dwellings of Eldervale;-;747347;Spanish edition;Own,Wanttoplay;1;5;1,2,3,4,5;3;60;150;3.24;80;16/8/2025;-;8.1;127;105.55;
124427380;350184;Earth;-;641581;Spanish edition;Own,Wanttoplay;1;5;1,2,3,4;2,3;45;90;2.91;320;16/8/2025;-;7.6;209;26.94;
136746291;342900;Earthborne Rangers;-;708027;Spanish edition;Own,Wanttoplay;1;4;1,2,3;2;60;240;3.47;0;-;-;8.1;479;125.99;
144599245;441850;Echoes of Time;-;-;-;Own,Wanttoplay;2;4;2,3,4;2;30;60;2.45;0;-;-;7.2;3082;37.5;
129131774;246900;Eclipse: Second Dawn for the Galaxy;-;516988;Spanish edition;Own,Wanttoplay;2;6;2,3,4,5,6;4,6;60;200;3.67;320;19/8/2025;-;8.4;23;121.75;
120467730;279254;Ecos: First Continent;-;582712;Spanish edition;Own,Wanttoplay;2;6;2,3,4;3,4;45;75;2.57;0;-;-;7.1;1185;21.6;
120344964;340432;EDO;-;567210;Spanish edition;Own;2;2;-;-;30;30;0;0;-;-;7.3;0;0;
120474949;372203;Efemérides Secretas;-;634915;Spanish edition;Own;1;6;-;-;20;40;1;980;19/9/2024;-;6.1;0;0;
138052791;32025;Einfach Genial Knobelspass;-;-;-;Own,Wanttoplay;1;4;1,2,3,4;1;15;15;1.5;150;23/1/2026;-;6;21987;7.4;
120344969;235944;Schummel Hummel;-;431568;Spanish edition;Own;3;5;3,4,5;4,5;20;25;1.24;440;6/9/2024;-;6.5;6545;9.08;
120353880;339906;The Hunger;-;616974;Spanish edition;Own;2;6;2,3,4,5;3,4;60;60;2.33;240;6/9/2024;-;7;1562;19.78;
120467897;339906;The Hunger;-;616974;Spanish edition;Prevowned,Wanttoplay;2;6;2,3,4,5;3,4;60;60;2.33;240;6/9/2024;-;7;1562;19.78;
122900887;177736;A Feast for Odin;-;570418;Maldito Games Spanish edition;Own,Wanttoplay;1;4;1,2,3,4;3;30;120;3.87;530;16/8/2025;-;8.2;27;72.05;
120344525;273657;El Camarero;-;569545;Spanish third edition;Own;2;10;3,4,5,6,7,8;5,6;30;30;1.3;45;13/9/2024;-;7.4;6992;0;
130810757;273657;El Camarero;-;569545;Spanish third edition;Own;2;10;3,4,5,6,7,8;5,6;30;30;1.3;45;13/9/2024;-;7.4;6992;0;
125691187;156023;El Cinéfilo;-;694848;Spanish second edition;Own;2;20;2,3;2,3;60;60;2;20;23/11/2024;-;6.4;16333;0;
137656663;225207;Debate;-;-;-;Own;2;2;2;2;10;20;0;0;-;-;6.1;0;0;
120345267;47125;El Erudito;-;151553;Spanish first edition;Own;2;4;3,4;3,4;60;60;1.56;110;13/9/2024;-;6.7;11816;0;
125691166;47125;El Erudito;-;743925;Spanish fourth edition;Own;2;4;3,4;3,4;60;60;1.56;110;13/9/2024;-;6.7;11816;0;
120474947;351982;El Gran Descamisado;-;589074;Spanish edition;Prevowned,Wanttoplay;3;6;-;-;60;60;0;0;-;-;4.9;0;0;
120345224;171233;The Big Book of Madness;-;374095;Bureau de Juegos Spanish edition;Own;2;5;2,3,4;3;60;90;2.69;110;13/9/2024;-;6.9;1342;14.17;
120361120;171233;The Big Book of Madness;-;374095;Bureau de Juegos Spanish edition;Own,Wanttoplay;2;5;2,3,4;3;60;90;2.69;110;13/9/2024;-;6.9;1342;14.17;
120360213;190783;The Big Book of Madness: 2016 Greeting Card – Evil Santa;Y;380605;Spanish edition;Prevowned,Wanttoplay;2;5;-;-;60;90;2;112;13/9/2024;-;6.9;0;8.23;
120360209;185582;The Big Book of Madness: Golem promo;Y;380603;Spanish edition;Prevowned,Wanttoplay;2;5;-;-;60;90;0;112;13/9/2024;-;6.8;0;6.63;
122000470;93;El Grande;-;689456;Devir Spanish edition;Own,Wanttoplay;2;5;3,4,5;5;60;120;2.93;320;2/10/2024;-;7.8;102;27.71;
140801718;436215;The Hobbit: There and Back Again;-;759618;Spanish edition;Own,Wanttoplay;1;4;1,2,3,4;2;30;30;1.82;85;3/2/2026;-;7.6;1351;29.39;
141283267;429864;The Guest;-;781427;Spanish edition;Own;5;12;5,6,7,8,9,10,11,12;8;30;45;1;0;-;-;5.8;28127;0;
141283330;429864;The Guest;-;781427;Spanish edition;Own,Wanttoplay;5;12;5,6,7,8,9,10,11,12;8;30;45;1;0;-;-;5.8;28127;0;
120346660;281099;El Ilustrado;-;458774;Spanish edition;Own;2;9;2,3,4,5,6,7,8,9;4,6;45;45;2;5;13/9/2024;-;7.5;11168;0;
120978809;37487;El Juego del Equilibrio;-;-;-;Own;2;4;-;-;10;10;1;100;6/9/2024;-;5.6;0;19.65;
120346930;41916;The Magic Labyrinth;-;52157;Iberian edition;Own;2;4;2,3,4;3,4;20;30;1.21;50;6/9/2024;-;6.8;1510;11.64;
120467870;41916;The Magic Labyrinth;-;52157;Iberian edition;Prevowned,Wanttoplay;2;4;2,3,4;3,4;20;30;1.21;50;6/9/2024;-;6.8;1510;11.64;
124922473;348008;El Lavarropas;-;581679;Spanish/English edition;Own;2;10;2,3,4,5,6;2,3,4,5,6;20;20;1;250;16/11/2024;-;6.3;0;0;
136390651;320;Scrabble;-;-;-;Own;2;4;2,3,4;2;90;90;2.05;120;24/8/2025;-;6.3;2422;9.19;
120347076;185393;El Macanudo;-;286968;Spanish edition;Own;3;6;4,5,6;6;30;90;1.2;360;18/9/2024;-;6;23234;0;
125691141;120870;El Melómano;-;637939;Spanish second edition;Own;2;20;4,6,8;6,8;60;60;1;20;13/9/2024;-;6.5;17542;0;
120353953;256980;The Color Monster;-;447645;Spanish edition;Own;2;5;2,3,4,5;2,3;25;25;1.08;30;6/9/2024;-;6.5;8100;13.58;
120353957;286167;El Mundo Oscuro;-;575621;Spanish second edition;Own;2;10;-;-;10;60;2.67;0;-;-;6.8;0;0;
124427408;193558;The Oracle of Delphi;-;446285;Spanish edition;Own,Wanttoplay;2;4;2,3,4;3,4;70;100;3.03;420;16/8/2025;-;7.3;819;56.85;
120345228;298352;The Shining;-;534959;Spanish edition;Own;3;5;3,4,5;5;45;60;2;200;13/9/2024;-;6;11258;14.8;
120345234;265402;In the Hall of the Mountain King;-;488772;Spanish edition;Own;2;5;2,3,4,5;3,4;90;90;2.86;35;13/9/2024;-;7.5;700;33;
123387652;265402;In the Hall of the Mountain King;-;488772;Spanish edition;Own,Wanttoplay;2;5;2,3,4,5;3,4;90;90;2.86;35;13/9/2024;-;7.5;700;33;
121272628;235922;King of the Dice;-;406886;German/Spanish-only edition;Own,Wanttoplay;2;5;2,3,4,5;4;20;30;1.07;220;13/9/2024;-;6.9;2564;9.79;
121232931;823;The Lord of the Rings;-;609279;Spanish anniversary edition;Own,Wanttoplay,Preordered;2;5;1,2,3,4,5;4;60;90;2.53;130;6/9/2024;-;6.7;1233;46.28;
133825080;366278;The Lord of the Rings: Adventure to Mount Doom;-;724816;Spanish edition;Own,Wanttoplay;1;4;1,2,3,4;1;50;50;1.69;0;-;-;6.7;5502;12.82;
136744554;436217;The Lord of the Rings: Fate of the Fellowship;-;744086;Spanish edition;Own,Wanttoplay;1;5;1,2,3,4;3;60;150;3.09;0;-;-;8.3;90;92.55;
145430286;349067;The Lord of the Rings: The Card Game – Revised Core Set;-;597497;Spanish edition;Own,Wanttoplay;1;4;1,2,3;1,2;30;120;3.6;0;-;-;8.4;324;120.25;
120353982;126443;The Lord of the Rings: The Battle for Middle-Earth;-;221555;Spanish edition;Own;2;4;2,3,4;3;30;30;1.21;150;19/9/2024;-;5.9;14079;7.69;
120469092;126443;The Lord of the Rings: The Battle for Middle-Earth;-;221555;Spanish edition;Prevowned,Wanttoplay;2;4;2,3,4;3;30;30;1.21;150;19/9/2024;-;5.9;14079;7.69;
120359042;269385;The Lord of the Rings: Journeys in Middle-Earth;-;440193;Spanish edition;Own,Wanttoplay;1;5;1,2,3,4;2;60;120;2.7;150;3/9/2024;-;7.9;143;79.31;
122634933;333941;El Señor Dix;-;631152;Spanish second edition;Own;2;4;-;-;20;20;1;120;13/9/2024;-;6.4;0;0;
130810837;333941;El Señor Dix;-;631152;Spanish second edition;Own;2;4;-;-;20;20;1;120;13/9/2024;-;6.4;0;0;
120345247;157969;Sheriff of Nottingham;-;286107;Spanish edition;Own;3;5;3,4,5;5;60;60;1.66;160;6/9/2024;-;7;610;15.86;
120361183;313531;Rustling Leaves;-;589519;Spanish edition;Own,Wanttoplay;2;6;1,2,3,4,5,6;2;20;20;1.63;0;-;-;6.9;2939;12.09;
120348345;164808;El Switcher;-;584772;Spanish second edition;Own;2;4;2,3,4;3;45;45;2.6;60;13/9/2024;-;6.6;14375;0;
120359360;333957;El Tiburón;-;555762;Spanish edition;Own,Wanttoplay;1;4;1,2,3,4;4;15;15;1;25;13/9/2024;-;6.7;0;0;
121918197;385529;The Vale of Eternity;-;714945;Spanish edition;Own,Wanttoplay;2;4;2,3,4;3;30;45;2.14;440;2/10/2024;-;7.6;349;21.35;
120361295;176165;Dale of Merchants;-;351695;Spanish edition;Own,Wanttoplay;2;4;2,3,4;2,3;30;30;2.1;170;17/9/2025;-;7.1;1016;21.39;
120467859;191597;Dale of Merchants 2;-;419343;Spanish edition;Own,Wanttoplay;2;4;2,3,4;2,3;30;30;2.08;180;17/9/2025;-;7.3;1532;16.58;
124427422;403441;Windmill Valley;-;708231;Spanish edition;Own,Wanttoplay;1;4;1,2,3,4;3;45;90;3.06;280;19/8/2025;-;7.7;744;37.95;
121243898;269526;Valley of the Vikings;-;470817;Multilingual edition (Spanish packaging);Own,Wanttoplay;2;4;2,3,4;3,4;15;20;1.35;130;6/9/2024;-;6.6;4261;13.47;
120348545;307170;The Secret Valley;-;503766;RunDOS Spanish edition;Own;2;4;2,3,4;4;30;40;1.63;100;13/9/2024;-;7.4;5027;0;
120361554;307170;The Secret Valley;-;503766;RunDOS Spanish edition;Own,Wanttoplay;2;4;2,3,4;4;30;40;1.63;100;13/9/2024;-;7.4;5027;0;
120360438;221965;The Fox in the Forest;-;420024;Spanish edition;Own,Wanttoplay;2;2;2;2;30;30;1.61;155;13/9/2024;-;7.1;684;6.81;
121949356;146021;Eldritch Horror;-;235356;Spanish edition;Own,Wanttoplay,Preordered;1;8;1,2,3,4,5;4;120;240;3.32;40;6/9/2024;-;7.7;137;41.82;
142256945;438010;Emergency Exit Only;-;-;-;Own;2;5;-;-;15;15;1;0;-;-;6.5;14929;0;
143216497;438010;Emergency Exit Only;-;-;-;Own;2;5;-;-;15;15;1;0;-;-;6.5;14929;0;
120353994;358151;Emplumados;-;602362;Spanish edition;Own;2;4;-;-;15;15;0;110;18/9/2024;-;6.5;0;0;
140218842;363699;Finding Atlantis;-;753485;Spanish edition;Own,Wanttoplay;1;4;1,2,3,4;2;40;100;2.13;0;-;-;6.5;11810;11.16;
136395230;404494;Linked Words;-;-;-;Own;2;4;-;-;0;0;0;525;16/9/2025;-;0;0;0;
136395243;404494;Linked Words;-;-;-;Own;2;4;-;-;0;0;0;525;16/9/2025;-;0;0;0;
122463301;351526;Encyclopedia;-;606269;French edition;Own,Wanttoplay;1;4;1,2,3,4;3;60;120;3.05;0;-;-;7.3;1322;27.51;
120360943;233398;Endeavor: Age of Sail;-;416297;Spanish edition;Own,Wanttoplay;2;5;2,3,4,5;4;60;90;2.85;250;16/9/2025;-;7.8;207;54.52;
120345258;274960;Point Salad;-;515627;Spanish edition;Own;2;6;2,3,4,5,6;3;15;30;1.15;210;18/9/2024;-;7.1;599;11.1;
120361916;274960;Point Salad;-;515627;Spanish edition;Prevowned,Wanttoplay;2;6;2,3,4,5,6;3;15;30;1.15;210;18/9/2024;-;7.1;599;11.1;
124051463;258036;Between Two Castles of Mad King Ludwig;-;420042;Spanish edition;Own,Wanttoplay;2;7;3,4,5,6,7;6;45;60;2.19;350;10/10/2024;-;7.2;777;24.57;
121918267;270971;Era: Medieval Age;-;561244;Spanish edition;Own,Wanttoplay;1;4;1,2,3,4;2,4;45;60;2.26;30;13/9/2024;-;7.2;1149;69.54;
120359972;41302;First Orchard;-;260048;Multilingual second edition with German cover;Own,Wanttoplay;1;4;1,2,3,4;3;10;10;1;230;6/9/2024;-;6.7;3057;13.94;
120345293;267735;Deckscape: Behind the Curtain;-;562287;Top Toys Spanish edition;Own;1;6;1,2,3,4;2;60;60;1.86;150;13/9/2024;-;6.8;3423;7.52;
120345299;230498;Deckscape: The Fate of London;-;557845;Top Toys Spanish edition;Own;1;6;1,2,3,4;2,3;60;60;1.97;75;13/9/2024;-;6.2;4575;5.63;
120345306;258451;Deckscape: The Mystery of Eldorado;-;562284;Top Toys Spanish edition;Own;1;6;1,2,3,4;2;30;90;1.72;70;13/9/2024;-;6.4;4061;5.37;
120468871;258451;Deckscape: The Mystery of Eldorado;-;562284;Top Toys Spanish edition;Prevowned,Wanttoplay;1;6;1,2,3,4;2;30;90;1.72;70;13/9/2024;-;6.4;4061;5.37;
120345310;218311;Deckscape: Test Time;-;557844;Top Toys Spanish edition;Own;1;6;1,2,3,4;2;30;90;1.58;140;13/9/2024;-;6.5;2764;6.44;
120354005;295565;Deckscape: Escape from Alcatraz;-;636215;Top Toys Spanish edition;Own;1;6;1,2,3,4;2,3;60;60;1.44;80;13/9/2024;-;6.8;4788;6.54;
120345320;82168;Escape from the Aliens in Outer Space;-;265943;English second edition;Own;2;8;4,5,6,7,8;6;20;45;1.98;60;13/9/2024;-;6.9;1436;14.59;
121317639;113294;Escape: The Curse of the Temple;-;682900;Spanish/Catalan/Portuguese edition;Own;1;5;1,2,3,4,5;4;10;10;1.48;140;6/9/2024;-;7;825;26.83;
121317644;113294;Escape: The Curse of the Temple;-;682900;Spanish/Catalan/Portuguese edition;Own,Wanttoplay;1;5;1,2,3,4,5;4;10;10;1.48;140;6/9/2024;-;7;825;26.83;
120360461;253214;Escape Tales: The Awakening;-;425594;Spanish edition;Own,Wanttoplay;1;4;1,2,3;2;180;360;2.13;520;17/9/2025;-;7;1810;10.08;
120353997;282291;Escape Tales: Low Memory;-;470326;Spanish edition;Own;1;4;1,2;2;360;540;2.5;0;-;-;6.6;4431;7.92;
120361430;282291;Escape Tales: Low Memory;-;470326;Spanish edition;Own,Wanttoplay;1;4;1,2;2;360;540;2.5;0;-;-;6.6;4431;7.92;
120359794;177524;ICECOOL;-;317054;Spanish edition;Own,Wanttoplay;2;4;2,3,4;4;30;30;1.06;80;13/9/2024;-;6.8;1192;10.52;
120359795;244513;ICECOOL2;-;429741;Spanish edition;Own,Wanttoplay;2;4;2,3,4;4;30;30;1.06;90;13/9/2024;-;7.1;1960;19.31;
139133499;366683;Raising Robots;-;731512;Spanish edition;Own,Wanttoplay;1;6;1,2,3,4,5,6;3,4;60;90;3.2;0;-;-;7.7;1460;46.44;
124051679;375651;That's Not a Hat;-;730759;Spanish edition;Own;3;8;4,5,6,7,8;5;15;15;1.05;605;2/10/2024;-;7;1143;7.5;
124051686;375651;That's Not a Hat;-;730759;Spanish edition;Own,Wanttoplay;3;8;4,5,6,7,8;5;15;15;1.05;605;2/10/2024;-;7;1143;7.5;
128419455;375651;That's Not a Hat;-;730759;Spanish edition;Own;3;8;4,5,6,7,8;5;15;15;1.05;605;2/10/2024;-;7;1143;7.5;
120354071;140155;Espionaje: Cartas;-;204046;Spanish edition;Own;2;4;3,4;4;20;20;2;80;19/9/2024;-;6.1;0;0;
120345370;151015;Shape Up;-;613206;Spanish first edition;Own;2;5;-;-;10;10;1;220;13/9/2024;-;6.3;20255;0;
130810850;151015;Shape Up;-;613206;Spanish first edition;Own;2;5;-;-;10;10;1;220;13/9/2024;-;6.3;20255;0;
144595422;424981;Eternal Decks;-;750185;French edition;Own,Wanttoplay;1;4;1,2,3,4;4;30;40;2.81;0;-;-;8.2;766;127.7;
135120504;382843;Evacuation;-;681624;Spanish edition;Own,Wanttoplay;1;4;1,2,3,4;2,3;60;150;3.98;0;-;-;7.5;908;22.86;
137730116;396989;Evenfall;-;715692;Spanish edition;Own,Wanttoplay;1;4;1,2,3,4;2,3;60;120;3.1;0;-;-;7.6;1060;29.35;
130810667;425005;Everdell Duo;-;721159;English edition;Own;1;2;1,2;2;30;30;2.72;140;4/4/2025;-;7.7;1328;17.38;
120359900;319422;Everdell: Collector's Edition;-;546504;Spanish edition;Own,Wanttoplay;1;4;1,2,3,4;3;40;80;2.86;50;13/9/2024;-;8.5;0;55.5;
123551773;363307;Evergreen;-;654556;Spanish edition;Own;1;4;1,2,3,4;2;45;45;2.13;220;2/10/2024;-;7.4;850;24.71;
124627498;363307;Evergreen;-;654556;Spanish edition;Own,Wanttoplay;1;4;1,2,3,4;2;45;45;2.13;220;2/10/2024;-;7.4;850;24.71;
133824820;363307;Evergreen;-;654556;Spanish edition;Own,Wanttoplay,Preordered;1;4;1,2,3,4;2;45;45;2.13;220;2/10/2024;-;7.4;850;24.71;
120345381;201825;Ex Libris;-;540816;Spanish edition;Own;1;4;1,2,3,4;3;45;45;2.53;0;-;-;7.1;959;14.1;
120361098;201825;Ex Libris;-;540816;Spanish edition;Own,Wanttoplay;1;4;1,2,3,4;3;45;45;2.53;0;-;-;7.1;959;14.1;
120467976;215840;EXIT: The Game – The Forbidden Castle;-;420428;Spanish edition;Prevowned,Wanttoplay;1;4;1,2,3,4;2;45;90;3.22;0;-;-;6.8;1974;7.98;
120361469;203417;EXIT: The Game – The Secret Lab;-;360888;Spanish edition;Own,Wanttoplay;1;6;1,2,3,4;2;45;150;2.52;0;-;-;7;974;6.44;
121054600;244918;EXIT: The Game – The Mysterious Museum;-;487035;Spanish edition;Prevowned,Wanttoplay;1;4;1,2,3;2;45;90;2.13;0;-;-;7.1;1684;9.23;
120361475;226518;EXIT: The Game – The Sunken Treasure;-;425668;Spanish edition;Own,Wanttoplay;1;4;1,2,3;2;45;90;1.81;0;-;-;7;1495;5.42;
120361467;203420;EXIT: The Game – The Abandoned Cabin;-;360886;Spanish edition;Own,Wanttoplay;1;6;1,2,3,4;2;60;120;2.54;860;13/9/2024;-;7.4;412;4.99;
121010260;226519;EXIT: The Game – The House of Riddles;-;535625;Spanish edition;Prevowned,Wanttoplay;1;4;1,2,3,4;2;45;90;1.63;0;-;-;6.9;2744;5.81;
120467944;215842;EXIT: The Game – The Polar Station;-;416054;Spanish edition;Prevowned,Wanttoplay;1;4;1,2,3,4;2;45;90;2.63;0;-;-;6.8;1767;8.49;
120361471;269968;EXIT: The Game – The Haunted Roller Coaster;-;534284;Spanish edition;Own,Wanttoplay;1;4;1,2,3;2;45;90;1.97;0;-;-;7.1;2055;7.28;
120361474;215841;EXIT: The Game – The Forgotten Island;-;418149;Spanish edition;Own,Wanttoplay;1;4;1,2,3;2;45;90;2.63;0;-;-;6.9;1711;7.29;
120345447;226520;EXIT: The Game – The Sinister Mansion;-;496589;Spanish edition;Own;1;4;1,2,3;2;45;90;2.48;370;13/9/2024;-;7.2;1479;8.33;
120361472;203416;EXIT: The Game – The Pharaoh's Tomb;-;360887;Spanish edition;Own,Wanttoplay;1;6;1,2,3,4;2;45;90;2.73;0;-;-;7.1;874;6.08;
120361938;226522;EXIT: The Game – Dead Man on the Orient Express;-;425669;Spanish edition;Prevowned,Wanttoplay;1;4;1,2,3,4;2;60;120;2.64;0;-;-;7.5;601;5.62;
120345454;203420;EXIT: The Game – The Abandoned Cabin;-;333459;English first edition;Own;1;6;1,2,3,4;2;60;120;2.54;860;13/9/2024;-;7.4;412;4.99;
120358964;251658;Sprawlopolis;-;591499;Spanish Wallet second edition;Own,Wanttoplay;1;4;1,2;1;15;20;1.8;70;18/9/2024;-;7.3;544;9.67;
120354084;172225;Exploding Kittens;-;-;-;Own;2;5;3,4,5;4,5;15;15;1.08;140;19/9/2024;-;6.1;3973;4.54;
120358903;172225;Exploding Kittens;-;388398;Spanish edition;Prevowned,Wanttoplay;2;5;3,4,5;4,5;15;15;1.08;140;19/9/2024;-;6.1;3973;4.54;
128463196;172225;Exploding Kittens;-;-;-;Own,Wanttoplay,Preordered;2;5;3,4,5;4,5;15;15;1.08;140;19/9/2024;-;6.1;3973;4.54;
126506188;430593;Exploding Kittens: Grab & Game;-;731029;Spanish edition;Own;2;4;-;-;15;15;0;50;16/12/2024;-;6.1;23168;0;
120358908;256804;Exploding Kittens: Party Pack;-;649790;Spanish edition;Own,Wanttoplay;2;10;2,3,4,5,6,7,8,9,10;5,6;15;15;1.07;135;13/9/2024;-;7;2176;19.17;
120358913;343282;Exploding Kittens: Recipes for Disaster;-;-;-;Own,Wanttoplay;2;5;3,4,5;5;15;15;1.3;0;-;-;7;3918;4.33;
120474964;333326;Exploradores;-;554811;Second edition;Prevowned,Wanttoplay;2;2;-;-;15;30;0;0;-;-;7.3;0;0;
121918234;330174;Explorers;-;549377;EN/FR/GE/IT edition;Own,Wanttoplay;1;4;1,2,3,4;2;20;20;1.88;670;17/9/2025;-;7.1;2164;7.23;
120361935;216600;Fantastic Factories;-;570345;Spanish edition;Own,Wanttoplay;1;5;1,2,3,4,5;3;45;60;2.23;0;-;-;7.4;561;32.01;
120853375;135779;A Fake Artist Goes to New York;-;601935;EN/DE/FR/ES/IT/NL edition;Own,Wanttoplay;5;10;5,6,7,8,9,10;6,7;20;20;1.1;580;19/9/2024;-;7.1;756;10.18;
120345529;83195;Ghost Blitz;-;134359;Spanish edition;Own;2;8;2,3,4,5,6;4,5;20;20;1.13;190;6/9/2024;-;6.7;1491;9.15;
120345535;329533;Geistesblitz Würfelblitz;-;606081;CAT/POR/SPA edition;Own;2;8;2,3,4,5;2,5;20;20;1.33;200;13/9/2024;-;6.8;9803;8.09;
122162284;218576;Fantastic Park;-;340483;Multilingual edition;Own,Wanttoplay;2;5;3,4,5;3,4;30;30;1.6;0;-;-;6.3;10712;21.66;
120360301;223040;Fantasy Realms;-;449196;Spanish edition 2019;Own,Wanttoplay;2;6;2,3,4,5;2,3;20;20;1.81;85;13/9/2024;-;7.5;273;10.9;
144599399;428664;Fantasy Realms: Greek Legends;-;758901;Spanish edition;Own,Wanttoplay;2;6;2,3,4;3;20;20;2;0;-;-;7.5;7696;25.07;
120853867;385761;Faraway;-;707286;French/English edition;Own,Wanttoplay;2;6;2,3,4,5;3;15;30;1.94;170;13/9/2024;-;7.5;255;13.68;
128071677;385761;Faraway;-;695109;Maldito Games Spanish edition;Own;2;6;2,3,4,5;3;15;30;1.94;170;13/9/2024;-;7.5;255;13.68;
120345541;1258;Phase 10;-;591278;Ruibal Spanish edition;Own;2;6;2,3,4,5,6;4;45;45;1.25;90;19/9/2024;-;5.3;30522;8.17;
120345547;257080;Fast Food!;-;414290;Spanish edition;Own;2;10;4;4;15;15;1;370;6/9/2024;-;6.6;17221;0;
120359030;271601;Feed the Kraken;-;613435;Spanish deluxe edition;Own,Wanttoplay;5;11;6,7,8,9,10,11;8,9,10,11;45;90;2.17;40;6/9/2024;-;7.8;410;74.61;
135154703;171521;Feedback;-;-;-;Own;2;6;-;-;15;15;0;5;16/9/2025;-;0;0;0;
135154715;171521;Feedback;-;-;-;Own;2;6;-;-;15;15;0;5;16/9/2025;-;0;0;0;
139133541;426796;Stamp Swap;-;726545;Spanish edition;Own,Wanttoplay;1;5;1,2,3,4,5;4;20;60;2.2;0;-;-;7;3093;18.49;
120360374;256320;Fertility;-;483893;Spanish edition;Own,Wanttoplay;2;4;2,3,4;2,3;25;45;1.96;170;13/9/2024;-;7.1;2191;13.91;
140801784;438442;Feya's Swamp;-;-;-;Own;2;4;2,3,4;4;80;100;3.12;0;-;-;7.6;3217;95.83;
140442099;431284;Fifty Fruity;-;732257;Multilingual edition;Own,Wanttoplay;2;6;-;-;10;10;2;0;-;-;6.4;0;0;
120345556;368272;Picasso;-;626592;Spanish edition;Own;3;8;-;-;30;30;1;15;13/9/2024;-;6.7;0;0;
130810865;368272;Picasso;-;626592;Spanish edition;Own;3;8;-;-;30;30;1;15;13/9/2024;-;6.7;0;0;
120728143;171129;Spinderella;-;282358;Iberian edition;Own,Wanttoplay,Preordered;2;4;2,3,4;3,4;20;20;1.21;40;6/9/2024;-;6.5;3837;14.18;
120354093;372478;Final de Obra;-;635412;Spanish edition;Own;2;4;-;-;20;30;2;0;-;-;7.1;0;0;
125233345;40628;Finca;-;726575;English edition;Own,Wanttoplay;2;5;2,3,4;2;45;45;2.07;120;30/1/2026;-;7.1;897;22.15;
139574538;436126;Finspan;-;758509;Spanish edition;Own,Wanttoplay;1;5;1,2,3,4;2,3;45;60;2.33;0;-;-;7.7;462;37.6;
120354099;226605;Fire Tower;-;354285;English first edition;Own;2;4;2,3,4;4;15;30;1.71;100;6/9/2024;-;7.1;2034;27.25;
142153896;13166;Let's Go Fishin';-;672529;Nordic edition;Own;1;4;1,2,3,4;2,3,4;10;10;1.08;110;5/2/2026;-;4.4;30530;0;
120354103;93540;Five Points: Gangs of New York;-;87006;English edition;Own;3;5;3,4,5;5;75;108;2.58;0;-;-;6.2;11597;11.62;
120853880;157354;Five Tribes: The Djinns of Naqala;-;479439;Spanish edition;Own,Wanttoplay;2;4;2,3,4;2;40;80;2.84;330;16/8/2025;-;7.8;96;39.16;
120360556;336986;Flamecraft;-;575566;Spanish edition;Own,Wanttoplay;1;5;1,2,3,4,5;3;60;60;2.19;360;4/1/2025;-;7.4;397;44.55;
120345567;354440;Flamencos;-;594884;Spanish edition;Own;2;4;-;-;15;15;1;20;13/9/2024;-;6.5;0;0;
120345572;199478;Flamme Rouge;-;496005;English edition 2018 with 7 awards;Own;2;4;2,3,4;4;30;45;1.7;200;6/9/2024;-;7.5;288;31.73;
120360898;199478;Flamme Rouge;-;410734;Catalan/Spanish edition;Own,Wanttoplay;2;4;2,3,4;4;30;45;1.7;200;6/9/2024;-;7.5;288;31.73;
120354106;146152;Flash 10;-;707840;Multilingual edition;Own;2;5;2,3,4,5;4;20;20;1;210;19/9/2024;-;6.3;12187;7.01;
122901042;146152;Flash 10;-;707840;Multilingual edition;Own,Wanttoplay;2;5;2,3,4,5;4;20;20;1;210;19/9/2024;-;6.3;12187;7.01;
133241385;409693;Flatiron;-;726288;French edition;Own,Wanttoplay;1;2;1,2;2;45;45;2.63;500;17/9/2025;-;7.5;1768;18.4;
132429425;207016;Flick 'em Up!: Dead of Winter;-;546392;Spanish edition;Own,Wanttoplay,Preordered;1;10;1,2,3,4,5,6;2,4;30;45;2.1;100;19/5/2025;-;6.6;3254;15.61;
130280210;420087;Flip 7;-;720913;French edition;Own,Wanttoplay;3;18;3,4,5,6,7,8;5,6;20;20;1.03;135;4/4/2025;-;7.2;518;8.65;
120354113;380451;FloriFauna;-;649888;Spanish edition;Own;2;4;-;-;10;20;0;640;19/9/2024;-;6.9;0;0;
120360283;258154;Fluttering Souls;-;416996;English edition;Own,Wanttoplay;2;2;2;2;10;20;1.23;0;-;-;6.5;8093;9.54;
124837579;206844;Fold-it;-;373942;Multilingual edition;Own;1;5;2,3,4,5;3,4;20;20;1.23;200;28/10/2024;-;6.2;7168;13.14;
132658070;345088;Founders of Teotihuacan;-;599674;French edition;Own,Wanttoplay;1;4;1,2,3,4;2;45;60;2.82;0;-;-;6.8;4310;11.34;
130209991;431248;For a Crown;-;743354;French edition;Own,Wanttoplay;3;5;3,4,5;4,5;30;45;1.39;320;16/9/2025;-;7;3962;22.45;
120361396;172;For Sale;-;22127;Gryphon Games English edition 2008;Own,Wanttoplay;3;6;3,4,5,6;5;30;30;1.25;720;13/9/2024;-;7.3;354;15.52;
135900264;373577;Forage: A 9 card solitaire game;-;727278;Spanish edition;Own,Wanttoplay;1;1;1;1;5;10;1.29;0;-;-;7.2;3500;15.45;
120354126;245271;Forbidden Sky;-;392549;English edition;Own;2;5;1,2,3,4,5;3,4;60;60;2.52;400;6/9/2024;-;6.4;3100;9.1;
120359873;391163;Forest Shuffle;-;679206;Spanish edition;Own,Wanttoplay;2;5;2,3,4;2;40;60;2.21;350;13/9/2024;-;7.7;153;17.99;
139137819;438402;Forest Shuffle: Dartmoor;-;778837;Spanish edition;Own,Wanttoplay;2;5;2,3,4;2,3;60;60;2.27;340;9/2/2026;-;7.7;1193;16.03;
120361136;280032;Fossilis;-;539968;Spanish edition;Own,Wanttoplay;2;5;2,3,4,5;3;45;60;2.3;0;-;-;7;2921;26.8;
120353422;254618;Four pints, please;-;408798;Spanish edition;Own;2;8;6;6;15;25;1;150;13/9/2024;-;6.3;22530;13.67;
120360993;66188;Fresco;-;464201;Spanish/Portuguese/Italian edition;Own,Wanttoplay;2;4;2,3,4;4;60;60;2.64;365;20/8/2025;-;7.2;536;19.35;
130996448;371544;Friegas Tú;-;633666;Cacahuete Games Spanish edition;Own,Wanttoplay;2;8;3,4,5,6,7;4,5,6,7;20;20;1.33;0;-;-;6.8;9604;0;
137656145;402678;Fritanga;-;683354;English/Spanish edition;Own;3;7;-;-;25;25;1.75;0;-;-;5.3;28100;8;
137656151;402678;Fritanga;-;683354;English/Spanish edition;Own,Wanttoplay;3;7;-;-;25;25;1.75;0;-;-;5.3;28100;8;
141500089;384213;Fromage;-;-;-;Own,Wanttoplay;1;4;1,2,3,4;4;30;45;2.38;0;-;-;7.7;413;51.44;
120360518;325698;Juicy Fruits;-;575294;French edition;Own,Wanttoplay;1;4;1,2,3,4;3;20;50;2.01;0;-;-;7;1773;10.96;
120469046;342927;Fire & Stone;-;588324;Spanish edition;Own,Wanttoplay;2;4;2,3,4;4;45;60;1.95;0;-;-;6.1;9348;20.71;
120354123;369309;Fulbo!;-;628846;Spanish edition;Own;3;4;4;4;50;50;2;80;18/9/2024;-;7.6;0;0;
137038101;370164;Fun Facts;-;662449;Spanish edition;Own,Wanttoplay;4;8;4,5,6,7,8;6,7,8;30;30;1.03;0;-;-;7;1671;8.54;
120359267;122298;Morels;-;219297;English/German edition 2014;Own,Wanttoplay;2;2;2;2;30;30;1.74;890;17/9/2025;-;7;1010;10.64;
120354130;394103;Fungonia;-;670421;Spanish edition;Own;1;4;1,2,3,4;-;15;15;1.86;110;8/11/2024;-;8.3;13789;0;
124496658;430867;Funny Destination (La Quedaste...);-;731527;Spanish edition;Own;3;8;-;-;25;25;0;120;19/10/2024;-;7;0;0;
120361906;318084;Furnace;-;541138;Spanish/Portuguese edition;Own,Wanttoplay;2;4;2,3,4;3,4;30;60;2.32;210;6/9/2024;-;7.4;408;22.11;
120345581;171273;FUSE;-;489493;English second edition;Own;1;5;1,2,3,4,5;4;10;10;1.66;70;13/9/2024;-;7;981;7.23;
120361336;171273;FUSE;-;489493;English second edition;Own,Wanttoplay;1;5;1,2,3,4,5;4;10;10;1.66;70;13/9/2024;-;7;981;7.23;
137656678;208078;Soccer: The Board Game;-;-;-;Own;2;2;-;-;30;30;0;0;-;-;5.3;0;20;
128053412;387305;Future Inc.;-;659387;English/Spanish edition;Own,Wanttoplay;2;4;3,4;3,4;30;60;2.63;150;19/9/2025;-;7.2;5275;12.24;
120354906;314421;The Fuzzies;-;517821;English edition;Own;2;4;2,3,4;-;5;15;1;20;13/9/2024;-;6.4;4108;12.81;
121659047;353150;FYFE;-;705437;French edition;Own,Wanttoplay;2;5;1,2,3,4,5;-;30;45;2.09;0;-;-;7;3287;18.66;
138084289;220308;Gaia Project;-;377455;Spanish edition;Own,Wanttoplay;1;4;1,2,3,4;3,4;60;150;4.4;0;-;-;8.4;13;45.55;
136390686;11252;Galaxia;-;-;-;Own;2;4;-;-;15;15;0;0;-;-;5.8;0;24.63;
120345589;336794;Galaxy Trucker (Second Edition);-;607777;Spanish edition;Own;2;4;2,3,4;3,4;20;30;2.26;230;6/9/2024;-;7.4;622;18.28;
120361303;336794;Galaxy Trucker (Second Edition);-;607777;Spanish edition;Own,Wanttoplay;2;4;2,3,4;3,4;20;30;2.26;230;6/9/2024;-;7.4;622;18.28;
120359211;236461;The Game: Face to Face;-;570475;Spanish edition;Own,Wanttoplay;2;2;2;2;20;20;1.21;30;19/9/2024;-;7;2729;10.98;
121571418;182453;The Game + The Game on Fire;-;517890;Spanish-only edition;Own,Wanttoplay;1;5;1,2,3,4,5;3,4;20;20;1.17;900;19/9/2024;-;6.8;0;7.45;
145432836;12545;The Game of Life: The Simpsons Edition;-;113296;English edition;Own;2;6;3,4,5;-;60;60;1.24;0;-;-;5.1;30271;15;
126301228;180602;Game of Trains;-;737696;Buró Spanish edition;Own;2;4;2,3,4;-;20;20;1.24;415;7/12/2024;-;6.3;3954;6.33;
130345722;180602;Game of Trains;-;737696;Buró Spanish edition;Own;2;4;2,3,4;-;20;20;1.24;415;7/12/2024;-;6.3;3954;6.33;
143706837;411567;The Gang;-;776880;Spanish edition;Own;3;6;4,5,6;5;20;20;1.6;0;-;-;7.6;382;12.4;
143706858;411567;The Gang;-;776880;Spanish edition;Own,Wanttoplay;3;6;4,5,6;5;20;20;1.6;0;-;-;7.6;382;12.4;
120359277;220877;Rajas of the Ganges;-;402244;Spanish/Portuguese edition;Own,Wanttoplay;2;4;2,3,4;4;45;75;2.9;280;6/9/2024;-;7.7;166;30.87;
133244344;410625;Rajas of the Ganges: Cards & Karma;-;745998;Spanish/Portuguese edition;Own,Wanttoplay;2;4;2,3,4;3;30;45;2.31;270;16/9/2025;-;7;5084;8.67;
120468083;248005;Ganymede;-;588054;Fractal Juegos Spanish edition;Own,Wanttoplay;2;4;2,3,4;3;20;40;2.25;0;-;-;7.1;2127;13.73;
128538627;244522;That's Pretty Clever!;-;450857;Schmidt English edition;Own,Wanttoplay;1;4;1,2,3,4;2;30;30;1.85;430;13/9/2024;-;7.6;205;6.58;
124627488;341245;Garden Nation;-;577673;Spanish edition;Own,Wanttoplay;2;4;2,3,4;3;60;75;2.54;0;-;-;6.7;4388;20.63;
120361105;153422;Gardens;-;234594;Devir multilingual edition;Own,Wanttoplay;2;4;2,3,4;4;45;45;1.8;0;-;-;6.6;5685;23.7;
124485547;83195;Ghost Blitz;-;538965;Multilingual mini edition 2020;Own;2;8;2,3,4,5,6;4,5;20;20;1.13;190;6/9/2024;-;6.7;1491;9.15;
144382540;235296;Geistesblitz: Gratis Demo-Spiel;-;-;-;Own,Wanttoplay;2;8;-;-;10;10;0;0;-;-;4.1;0;1.67;
120345591;314546;Gelato;-;518042;Spanish edition;Own;2;5;-;-;10;20;1;460;6/9/2024;-;5.8;24539;0;
126709350;381435;General Orders: World War II;-;709773;Spanish edition;Own,Wanttoplay;2;2;2;2;30;30;2.19;0;-;-;7.4;2858;13.74;
120360149;9674;Ingenious;-;329727;Devir Spanish/Portuguese little red box edition;Own,Wanttoplay;1;4;2,3,4;2;30;45;1.9;170;6/9/2024;-;7.1;637;10.14;
120467400;217780;Gentes;-;467307;English edition;Own,Wanttoplay;1;4;2,3,4;4;90;90;3.16;0;-;-;7.4;992;17.6;
135154732;428587;Gestrudis;-;764344;Neptuno Spanish edition;Own;3;7;3,4,5,6,7;7;15;20;1;365;18/11/2025;-;8;11477;0;
135154741;428587;Gestrudis;-;764344;Neptuno Spanish edition;Own;3;7;3,4,5,6,7;7;15;20;1;365;18/11/2025;-;8;11477;0;
139133515;428587;Gestrudis;-;764344;Neptuno Spanish edition;Own,Wanttoplay;3;7;3,4,5,6,7;7;15;20;1;365;18/11/2025;-;8;11477;0;
128051591;347013;Get on Board: New York & London;-;585693;French edition;Prevowned,Wanttoplay;2;5;2,3,4,5;3;30;30;1.89;0;-;-;6.9;1701;11.33;
139357266;422668;Ghost Fightin' Treasure Hunters: Anniversary Edition;-;718062;English edition;Own,Wanttoplay;2;5;2,3,4,5;4;30;30;1.67;150;31/1/2026;-;7.3;8031;9.48;
120354214;37046;Ghost Stories;-;489347;Repos English edition 2018;Own;1;4;1,2,3,4;4;60;60;2.91;30;13/9/2024;-;7.2;459;31.68;
140801681;452411;Giants Moving Tiny Furniture;-;774742;Spanish edition;Own;3;8;4,6;4;10;10;1;250;9/2/2026;-;6.3;21426;0;
133019518;128271;Ginkgopolis;-;583802;French edition 2021;Own,Wanttoplay;1;5;1,2,3,4;2,3;45;45;2.91;0;-;-;7.5;430;29.78;
129130550;143674;Give Me Five;-;-;-;Own;4;9;4,5,6,7,8,9;4,6;15;15;1;480;11/2/2025;-;6.4;14506;0;
129130554;143674;Give Me Five;-;-;-;Own;4;9;4,5,6,7,8,9;4,6;15;15;1;480;11/2/2025;-;6.4;14506;0;
120729500;246192;Gizmos;-;432929;Spanish edition;Own,Wanttoplay,Preordered;2;4;2,3,4;3;40;50;2.06;160;13/9/2024;-;7.4;414;25.64;
127914577;301716;Glasgow;-;505643;English edition;Own,Wanttoplay;2;2;2;2;30;30;2.02;0;-;-;7.1;1856;9.82;
123163403;143693;Glass Road;-;373291;Spanish edition;Own,Wanttoplay;1;4;1,2,3,4;2;20;80;2.96;0;-;-;7.4;388;25.99;
135120555;265188;Glen More II: Chronicles;-;623660;Spanish edition;Own,Wanttoplay;2;4;2,3,4;3;90;120;3.01;0;-;-;7.9;206;52.77;
120345615;12692;Gloom;-;416576;Spanish second edition;Own;2;5;2,3,4;4;60;60;1.63;0;-;-;6.3;2471;9.09;
132819696;291457;Gloomhaven: Jaws of the Lion;-;569018;Spanish edition;Own,Wanttoplay;1;4;1,2,3,4;2;30;120;3.64;60;16/8/2025;-;8.4;12;22.14;
140801923;359750;Gnome Liberation Party;-;605224;English edition;Own;2;4;-;-;20;30;0;0;-;-;7.8;0;0;
120354216;192547;Go Cuckoo!;-;660096;Devir multilingual edition 2023;Own;2;5;2,3,4,5;4;10;15;1;10;13/9/2024;-;6.7;3817;10.73;
120468857;192547;Go Cuckoo!;-;660096;Devir multilingual edition 2023;Prevowned,Wanttoplay;2;5;2,3,4,5;4;10;15;1;10;13/9/2024;-;6.7;3817;10.73;
120345761;217553;Go Go Gelato!;-;340451;Multilingual edition;Own;2;4;2,3,4;3,4;15;15;1;100;6/9/2024;-;6.3;7631;9.26;
125965822;378354;Goddam Dilema;-;-;-;Own;2;10;3,4,5,6,7,8;4,5;20;20;1;245;3/12/2024;-;5.1;27972;0;
120345765;286160;Godspeed;-;590898;Spanish edition;Own;2;5;3,4,5;3;45;90;2.75;0;-;-;7;3560;21.43;
120345768;285991;Gogo CHALLENGE: Round 01;-;466572;Spanish edition;Own;1;4;-;-;15;30;1.5;985;19/9/2024;-;5.7;0;0;
120467492;154086;Gold West;-;432692;French/Spanish edition;Prevowned,Wanttoplay;2;4;2,3,4;3;45;60;2.45;0;-;-;7.3;1171;19.39;
138084282;298383;Golem;-;570392;Spanish edition;Own,Wanttoplay;1;4;1,2,3,4;2,3;90;120;4.01;0;-;-;7.5;738;32.59;
144595441;453526;Got Five!;-;772058;Multilingual first edition;Own,Wanttoplay;2;4;2,3,4;2,3;15;15;1.31;0;-;-;7.7;4670;18;
120360984;182874;Grand Austria Hotel;-;634078;Spanish edition 2022;Own,Wanttoplay;2;4;2,3;2;60;120;3.2;60;2/10/2024;-;8;68;50.99;
120361896;150145;Skull King;-;604377;English edition 2020;Prevowned,Wanttoplay;2;8;3,4,5,6;4,5,6;30;30;1.73;130;18/9/2024;-;7.5;293;9.05;
120354217;340834;Gravwell: 2nd Edition;-;567964;English edition;Own;2;6;3,4,5,6;4;20;45;1.93;320;13/9/2024;-;7;4170;19.63;
144599350;366752;The Great Split;-;636661;French edition;Own,Wanttoplay;2;7;3,4,5,6,7;4,5;45;45;2.06;0;-;-;7;2015;20.23;
120359890;341169;Great Western Trail: Second Edition;-;568723;English edition;Own,Wanttoplay;1;4;1,2,3,4;3;75;150;3.7;120;13/9/2024;-;8.3;31;36.1;
128835499;364011;Great Western Trail: Argentina;-;621257;Spanish edition;Own,Wanttoplay;1;4;1,2,3,4;3;75;150;3.91;0;-;-;8.2;194;31.46;
131195803;380607;Great Western Trail: New Zealand;-;691721;English/French edition;Own,Wanttoplay;1;4;1,2,3,4;3;75;150;4;0;-;-;8.5;77;37.94;
127914690;329873;Grove: 9 card solitaire game;-;548734;Side Room Games English edition;Own,Wanttoplay;1;1;1;1;5;10;1.33;0;-;-;7.5;1097;9.34;
136090785;329873;Grove: 9 card solitaire game;-;583792;Spanish edition;Own,Wanttoplay;1;1;1;1;5;10;1.33;0;-;-;7.5;1097;9.34;
126949895;409588;Claw Machine;-;694652;Neptuno Spanish edition;Own,Wanttoplay;2;4;2,3,4;3,4;20;20;1.67;280;15/1/2025;-;6.7;16100;0;
130345638;409588;Claw Machine;-;694652;Neptuno Spanish edition;Own;2;4;2,3,4;3,4;20;20;1.67;280;15/1/2025;-;6.7;16100;0;
120345778;338025;Gualicho;-;562748;Spanish edition;Own;3;6;4,5,6;4;30;30;0;120;19/9/2024;-;6.2;24963;0;
120474956;338025;Gualicho;-;562748;Spanish edition;Prevowned,Wanttoplay;3;6;4,5,6;4;30;30;0;120;19/9/2024;-;6.2;24963;0;
136282431;453796;Guanteo;-;772582;Spanish edition;Own;2;2;-;-;20;40;2;0;-;-;6.8;0;0;
136282435;453796;Guanteo;-;772582;Spanish edition;Own;2;2;-;-;20;40;2;0;-;-;6.8;0;0;
145035324;362944;War of the Ring: The Card Game;-;666297;Spanish edition;Own,Wanttoplay;2;4;2,4;4;90;120;2.98;0;-;-;7.6;682;27.35;
120361062;250458;Gùgōng;-;401770;English edition;Own,Wanttoplay;1;5;1,2,3,4;3;60;90;3.09;0;-;-;7.4;482;30.43;
120359731;350933;The Guild of Merchant Explorers;-;632536;Spanish edition;Own,Wanttoplay;1;4;1,2,3,4;2;45;45;2.05;150;13/9/2024;-;7.6;359;22.9;
140801493;452651;Gustos son Gustos;-;770355;Spanish edition;Own;3;5;-;-;20;40;0;0;-;-;8;0;0;
139133578;434222;Gwent: The Legendary Card Game;-;765473;Spanish edition;Own,Wanttoplay;1;5;2;2;20;20;1.88;0;-;-;7.6;3730;30.57;
120474986;256641;H.D.P. 2: Hasta Donde Puedas;Y;580935;Buró Spanish edition;Prevowned,Wanttoplay;4;30;-;-;30;30;0;332;9/12/2024;-;6.8;0;0;
120474984;256677;H.D.P. 4: Hasta Donde Puedas;Y;580938;Buró Spanish edition;Prevowned,Wanttoplay;4;12;4,5,6,7,8,9,10,11,12;6,7,8,9,10;30;30;1;0;-;-;6.4;0;0;
120474982;256678;H.D.P. 5: Hasta Donde Puedas;Y;580940;Buró Spanish edition;Prevowned,Wanttoplay;4;12;-;-;30;30;0;332;9/12/2024;-;7.1;0;0;
120474989;332419;H.D.P. 6: Hasta Donde Puedas;Y;553087;Spanish edition;Prevowned,Wanttoplay;4;30;-;-;30;30;0;0;-;-;7.1;0;0;
120345898;256640;H.D.P.: Hasta Donde Puedas;-;580934;Buró Spanish edition;Own;4;12;4,5,6,7,8,9,10;5,6,7,8;30;90;1;330;13/9/2024;-;6;17620;0;
120469089;256640;H.D.P.: Hasta Donde Puedas;-;580934;Buró Spanish edition;Prevowned,Wanttoplay;4;12;4,5,6,7,8,9,10;5,6,7,8;30;90;1;330;13/9/2024;-;6;17620;0;
120354229;396752;H.D.P.: Hasta Donde Puedas – Dibujame;-;674202;Spanish edition;Own;4;8;4,5,6,7,8;8;30;45;1.5;150;6/9/2024;-;7.5;0;0;
120474953;396752;H.D.P.: Hasta Donde Puedas – Dibujame;-;674202;Spanish edition;Prevowned,Wanttoplay;4;8;4,5,6,7,8;8;30;45;1.5;150;6/9/2024;-;7.5;0;0;
120474990;300246;H.D.P.: Política y otras Estafas;Y;580942;Buró Spanish edition;Prevowned,Wanttoplay;4;12;-;-;30;30;0;0;-;-;7.5;0;0;
120474993;300245;H.D.P.: Religiones y otras Supersticiones;Y;580944;Buró Spanish edition;Prevowned,Wanttoplay;4;12;-;-;30;30;0;0;-;-;6.8;0;0;
120474992;300244;H.D.P.: Sexo y otros Vicios;Y;580945;Buró Spanish edition;Prevowned,Wanttoplay;4;12;-;-;30;30;1;0;-;-;6.9;0;0;
120360976;269144;Hadara;-;456896;Spanish/Portuguese first edition;Own,Wanttoplay;2;5;2,3,4,5;4,5;45;60;2.21;460;3/2/2026;-;7.4;573;28.15;
135120637;276086;Hamlet: The Village Building Game;-;764668;Spanish edition;Own,Wanttoplay;1;4;2,3,4;3;25;100;2.95;0;-;-;6.8;2364;24.41;
120361943;98778;Hanabi;-;379853;English edition 2017;Prevowned,Wanttoplay;2;5;2,3,4,5;4;25;25;1.69;0;-;-;7;596;6.57;
120345966;290357;Hanabi Deluxe: What a Show!;-;546015;Spanish edition;Own;2;5;2,3,4,5;4;25;45;2;20;13/9/2024;-;7.6;0;26.94;
120359232;158600;Hanamikoji;-;408571;English edition 2018;Own,Wanttoplay;2;2;2;2;15;15;1.68;140;13/9/2024;-;7.5;283;13.07;
120345972;356909;Hand-to-Hand Wombat;-;600036;English edition;Own;3;6;4,5,6;5;15;15;1.13;80;13/9/2024;-;6.2;6105;11.09;
128051579;286749;Hansa Teutonica: Big Box;-;557535;French edition;Own,Prevowned,Wanttoplay;3;5;3,4,5;5;45;90;2.97;140;16/9/2025;-;8.4;0;32.93;
120361420;325414;Happy Little Dinosaurs;-;634427;Spanish edition;Own,Wanttoplay;2;4;3,4;4;30;60;1.41;700;17/9/2025;-;6.2;4517;10.06;
120345976;194626;Happy Salmon;-;581140;Top Toys Spanish edition;Own;3;8;4,5,6,7,8;5,6;2;2;1.06;10;18/9/2024;-;6.6;1786;7.99;
143247843;194626;Happy Salmon;-;715355;Exploding Kittens Spanish edition;Own;3;8;4,5,6,7,8;5,6;2;2;1.06;10;18/9/2024;-;6.6;1786;7.99;
123129943;414317;Harmonies;-;712043;Spanish edition, first printing;Own,Wanttoplay;1;4;1,2,3,4;2,3;30;45;2.01;300;2/10/2024;-;8;55;23.65;
126636037;6887;Hearts;-;-;-;Own;3;7;4;4;30;30;1.74;820;16/12/2024;-;6.5;2226;5.89;
120360889;366013;Heat: Pedal to the Metal;-;621856;French edition;Own,Wanttoplay;1;6;1,2,3,4,5,6;5,6;30;60;2.2;30;13/9/2024;-;8;47;42.74;
120360559;227789;Heaven & Ale;-;357311;English first edition;Own,Wanttoplay;2;4;2,3,4;4;60;90;3.17;0;-;-;7.5;389;34.6;
126710997;321608;Hegemony: Lead Your Class to Victory;-;-;-;Own,Wanttoplay;2;4;2,3,4;4;90;180;4.26;230;19/8/2025;-;8.4;41;67.16;
141645937;224272;Hellapagos;-;525253;Spanish edition;Own,Wanttoplay;3;12;5,6,7,8,9,10,11,12;7,8,9;20;20;1.35;390;9/2/2026;-;6.6;2543;10.69;
120361564;198994;Hero Realms;-;374339;Spanish first edition;Own,Wanttoplay;2;4;2,3,4;2;20;20;1.84;330;13/9/2024;-;7.5;306;30.13;
120345991;369347;Héroes y Dados;-;628930;Spanish edition;Own;2;2;2;2;30;30;2.25;40;13/9/2024;-;7.6;17270;0;
140218837;699;HeroQuest;-;602062;Spanish edition 2022;Own,Wanttoplay;2;5;2,3,4,5;5;90;90;2.13;0;-;-;7.2;705;75.64;
120346007;257306;High Score;-;414710;Retail edition;Own;1;4;1,2,3,4;2,3;20;45;1.5;0;-;-;6.7;10602;29.83;
120360150;341416;High Score;-;671221;Spanish/Portuguese edition;Own,Wanttoplay;2;5;2,3,4,5;3,4;30;30;1.08;410;13/9/2024;-;6.6;4006;10.77;
120354243;220;High Society;-;381385;Osprey English edition;Own;3;5;3,4,5;4,5;15;30;1.48;110;13/9/2024;-;7.2;530;14.14;
120467123;220;High Society;-;381385;Osprey English edition;Prevowned,Wanttoplay;3;5;3,4,5;4,5;15;30;1.48;110;13/9/2024;-;7.2;530;14.14;
127819837;285893;HILO;-;732331;Spanish/Catalan/Portuguese/Italian edition;Own,Wanttoplay;2;6;2,3,4,5,6;4;30;30;1.19;420;15/1/2025;-;6.4;8165;8.2;
136092792;165628;HINT;-;-;-;Own;4;10;4,5,6,7,8,10;6,8;45;60;1.27;0;-;-;6.6;6587;0;
145460613;318243;Hitster;-;-;-;Own,Wanttoplay;2;10;2,3,4,5,6,7,8,9,10;4,5,6;30;30;1.02;0;-;-;7.5;492;16.62;
122463272;154597;Hive Pocket;-;702228;English boxed edition 2018;Own,Wanttoplay;2;2;2;2;20;20;2.21;220;6/9/2024;-;7.7;0;13.45;
120354256;358219;Home Sweet Home (or Not);-;636375;Spanish edition;Own;2;5;2,3,4;-;30;30;2;620;13/9/2024;-;5.3;28019;8.5;
142122098;350468;Hội Phố (Second Edition);-;758135;Japanese/Korean edition;Own,Wanttoplay;3;5;3,4,5;4,5;20;30;1.75;0;-;-;6.2;20021;9.32;
120360891;295957;Holi: Festival of Colors;-;549919;Italian/Portuguese/Spanish edition;Own,Wanttoplay;2;4;2,3,4;3;20;40;2.05;370;19/8/2025;-;6.7;4568;24.13;
120361418;174078;Holmes: Sherlock & Mycroft;-;267664;Spanish edition;Own,Wanttoplay;2;2;2;2;20;30;1.82;0;-;-;6.8;2278;10.08;
120361204;284742;Honey Buzz;-;688467;Spanish edition;Own,Wanttoplay;1;4;1,2,3,4;3;45;90;2.72;0;-;-;7.5;471;39.86;
120360982;255805;Honga;-;440755;Multilingual edition (English packaging);Own,Wanttoplay;2;5;2,3,4,5;-;45;45;2.1;0;-;-;6.9;3943;17.27;
120361333;207336;Honshū;-;342227;European English first edition;Own,Wanttoplay;2;5;2,3,4,5;4;30;30;1.93;190;17/9/2025;-;6.9;1455;7.02;
121918310;282524;Horrified;-;707816;Spanish edition;Own,Wanttoplay;1;5;1,2,3,4,5;3;60;60;2.02;50;18/9/2024;-;7.6;242;18.58;
140219182;437705;Horrified: Dungeons & Dragons;-;-;-;Own,Wanttoplay;1;5;1,2,3,4,5;3,4;45;60;2.22;160;31/1/2026;-;7.4;3319;17.56;
120360174;302520;Hues and Cues;-;495610;English edition;Own;3;10;3,4,5,6,7,8,9,10;6,8;30;30;1.06;20;6/9/2024;-;6.4;2397;8.2;
140801730;302520;Hues and Cues;-;741081;Multilingual edition;Own,Wanttoplay;3;10;3,4,5,6,7,8,9,10;6,8;30;30;1.06;20;6/9/2024;-;6.4;2397;8.2;
136390690;168175;Eier im Anflug;-;-;-;Own;2;5;-;-;10;10;0;80;17/9/2025;-;6;0;0;
136390695;168175;Eier im Anflug;-;-;-;Own;2;5;-;-;10;10;0;80;17/9/2025;-;6;0;0;
126297894;335919;Ice Floes & Foes;-;727869;Spanish/Portuguese/Italian edition;Own,Wanttoplay;2;6;-;-;15;30;1;95;4/1/2025;-;5.3;27557;0;
120346014;189589;iCubo;-;293902;Spanish edition;Own;2;4;1,2,3,4;2,3,4;10;30;2;0;-;-;5.6;0;0;
136391166;6709;Squiggle;-;-;-;Own;3;8;-;-;45;45;0;90;19/9/2025;-;5.3;0;0;
136391174;6709;Squiggle;-;-;-;Own;3;8;-;-;45;45;0;90;19/9/2025;-;5.3;0;0;
120354262;371972;Ierusalem: Anno Domini;-;658041;Multilingual edition;Own;1;4;2,3,4;4;90;90;3.14;0;-;-;7.5;1748;24.99;
120360929;371972;Ierusalem: Anno Domini;-;634537;English/Spanish edition;Prevowned,Wanttoplay;1;4;2,3,4;4;90;90;3.14;0;-;-;7.5;1748;24.99;
120346489;177478;IKI;-;589007;Fractal Juegos Spanish edition;Own;2;4;2,3,4;4;60;90;3.06;20;13/9/2024;-;7.6;472;30.75;
121009800;177478;IKI;-;589007;Fractal Juegos Spanish edition;Prevowned,Wanttoplay;2;4;2,3,4;4;60;90;3.06;20;13/9/2024;-;7.6;472;30.75;
120360122;244995;Illusion;-;462605;Maldón Spanish edition;Own,Wanttoplay;2;5;2,3,4,5;4;15;15;1.04;70;19/9/2024;-;6.7;1728;6.58;
131476152;395647;Iluliaq;-;747221;Spanish edition;Own;2;6;2,3,4,5,6;-;10;15;1;140;17/9/2025;-;7;18280;0;
120346663;218804;Imaginarium;-;472867;Spanish edition;Own;2;5;2,3,4;3,4;90;90;2.9;40;13/9/2024;-;7.1;2017;30.87;
120360537;218804;Imaginarium;-;472867;Spanish edition;Own,Wanttoplay;2;5;2,3,4;3,4;90;90;2.9;40;13/9/2024;-;7.1;2017;30.87;
144143196;191894;Imagine;-;355063;Spanish edition;Own,Wanttoplay;3;8;3,4,5,6,7,8;4,5,6;20;20;1.06;0;-;-;6.8;1787;13.49;
140219301;300908;Imagine Famille;-;-;-;Own,Wanttoplay;3;8;2,3,4,5,6,7,8;4,5,6,7,8;15;30;1;210;9/2/2026;-;7.1;9144;0;
144680254;300908;Imagine Famille;-;-;-;Own;3;8;2,3,4,5,6,7,8;4,5,6,7,8;15;30;1;210;9/2/2026;-;7.1;9144;0;
120467119;191862;Imhotep;-;298476;English edition;Own,Wanttoplay;2;4;2,3,4;4;40;40;2.02;40;13/9/2024;-;7.1;621;17.31;
121317720;338760;Imperial Steam;-;588704;French edition;Own,Wanttoplay;2;4;2,3,4;4;120;120;4.22;0;-;-;7.7;951;20.84;
120346665;348238;Imperio;-;582020;Spanish edition;Own;2;4;-;-;60;90;0;0;-;-;5.7;0;0;
121918248;188866;Awkward Guests: The Walton Case;-;358791;Spanish second edition;Own,Wanttoplay;1;8;2,3,4,5,6;4;45;75;2.32;0;-;-;7.5;399;21.82;
121918252;378477;Awkward Guests 2: The Berwick Cases;-;690471;Spanish edition;Own,Wanttoplay;2;2;2;2;30;40;2.27;350;2/10/2024;-;7.7;3880;30.3;
120360973;233678;Indian Summer;-;387663;Spanish edition;Own,Wanttoplay;1;4;1,2,3,4;3;15;60;2.15;100;2/10/2024;-;6.8;1918;13.98;
136340277;453624;Infinitivo;-;772236;Spanish edition;Own;4;10;-;-;20;40;0;0;-;-;0;0;0;
144143273;453624;Infinitivo;-;772236;Spanish edition;Own;4;10;-;-;20;40;0;0;-;-;0;0;0;
123387643;155821;Inis;-;588748;Spanish second edition;Own,Wanttoplay;2;4;2,3,4;4;60;90;2.94;0;-;-;7.8;125;39.63;
120354273;466;Inkognito;-;223232;Devir Spanish edition 2013;Own;3;5;4;4;90;90;2.16;0;-;-;6.6;2441;20.93;
133663171;415938;Inori;-;-;-;Own,Wanttoplay,Preordered;2;4;2,3,4;3;30;30;2.3;260;16/9/2025;-;6.7;5282;16.47;
134420756;415938;Inori;-;-;-;Own,Wanttoplay;2;4;2,3,4;3;30;30;2.3;260;16/9/2025;-;6.7;5282;16.47;
136085954;415938;Inori;-;-;-;Own;2;4;2,3,4;3;30;30;2.3;260;16/9/2025;-;6.7;5282;16.47;
133447078;341358;DONUTS;-;621177;French edition;Own,Wanttoplay;2;2;2;2;10;15;1.35;210;16/9/2025;-;6.5;4604;8.31;
122463248;206051;Insider;-;363079;English/French/Spanish edition 2017;Own,Wanttoplay;4;8;4,5,6,7,8;5,6;15;15;1.11;930;19/9/2024;-;7;1265;9.73;
122463256;307997;Insider Black;-;564991;English/Spanish edition;Own,Wanttoplay;4;8;5,6,7,8;5,6,7;10;15;1.17;935;19/9/2024;-;7.2;5121;13.68;
120467158;340466;Unfathomable;-;567268;Spanish edition;Own,Wanttoplay;3;6;4,5,6;5;120;240;3.12;50;6/9/2024;-;7.5;603;38.18;
136390706;2349;Inspector Higgins;-;-;-;Own;2;6;3,4;3,4;20;20;1;0;-;-;5.8;24610;13.6;
120346683;251535;Invocación Fronteras;-;403750;Spanish edition;Own;2;4;2,3,4;4;5;20;2.5;100;6/9/2024;-;7.1;22068;0;
120360545;271088;Ishtar: Gardens of Babylon;-;521131;Buró Spanish/Portuguese edition;Own,Wanttoplay;2;4;2,3,4;3;45;45;2.28;0;-;-;7;1733;12.02;
130996475;117663;Piraten Kapern;-;408479;Spanish edition;Own,Wanttoplay;2;5;2,3,4,5;3;30;30;1.1;580;7/5/2025;-;6.4;3283;10.36;
136390949;14395;Cape Cod and Islands Challenge;-;-;-;Own;2;6;-;-;60;60;0;65;17/9/2025;-;6;0;0;
120346695;2653;Survive: Escape from Atlantis!;-;483608;Spanish edition;Own;2;4;3,4;4;45;60;1.69;10;13/9/2024;-;7.3;375;34.07;
120359349;176494;Isle of Skye: From Chieftain to King;-;467474;English edition 2016, first printing;Own,Wanttoplay;2;5;2,3,4,5;3,4;30;50;2.26;90;6/9/2024;-;7.4;292;15.21;
120361216;392473;Islet;-;667825;Multilingual edition;Own,Wanttoplay;1;4;1,2,3,4;1,2;20;40;1.83;0;-;-;6.8;8542;38.8;
135120811;325494;ISS Vanguard;-;542960;Spanish edition;Own,Wanttoplay;1;4;1,2,3,4;1,2;90;120;3.67;510;16/8/2025;-;8.4;159;131.74;
120361082;251219;Istanbul: Big Box;-;447242;Spanish/Catalan edition;Own,Wanttoplay;2;5;2,3,4,5;4;40;90;2.5;0;-;-;8;0;36.43;
120360362;327711;It's a Wonderful Kingdom;-;603177;Spanish edition;Own,Wanttoplay;1;2;1,2;2;45;45;2.58;340;13/9/2024;-;7.1;1487;21.23;
120360363;271324;It's a Wonderful World;-;515414;Spanish edition;Own,Wanttoplay;1;5;1,2,3,4,5;4;45;45;2.32;50;13/9/2024;-;7.6;185;32.27;
120361867;54043;Jaipur;-;345360;English edition 2016-1;Own,Wanttoplay;2;2;2;2;30;30;1.46;120;13/9/2024;-;7.5;203;11;
120361192;28023;Jamaica;-;489573;English edition;Own,Wanttoplay;2;6;3,4,5,6;5,6;30;60;1.66;490;2/10/2024;-;7.1;644;18.11;
120791793;28023;Jamaica;-;489573;English edition;Own,Wanttoplay,Preordered;2;6;3,4,5,6;5,6;30;60;1.66;490;2/10/2024;-;7.1;644;18.11;
120354284;378329;Jardín Japonés;-;689176;Spanish edition;Own;1;99;1,2,3,4,5,6;3,4;20;50;2;30;13/9/2024;-;7.9;12720;0;
120474981;378329;Jardín Japonés;-;689176;Spanish edition;Prevowned,Wanttoplay;1;99;1,2,3,4,5,6;3,4;20;50;2;30;13/9/2024;-;7.9;12720;0;
128643907;378329;Jardín Japonés;-;689176;Spanish edition;Own;1;99;1,2,3,4,5,6;3,4;20;50;2;30;13/9/2024;-;7.9;12720;0;
120346699;376737;Jardinero;-;643436;Spanish first edition;Own;2;5;2,3,4,5;-;15;15;1;160;13/9/2024;-;6.4;19693;0;
130810802;376737;Jardinero;-;643436;Spanish first edition;Own;2;5;2,3,4,5;-;15;15;1;160;13/9/2024;-;6.4;19693;0;
122463283;297129;Jekyll vs. Hyde;-;595545;English edition;Own,Wanttoplay;2;2;2;2;30;30;1.87;160;13/9/2024;-;7.2;1000;11.54;
120358956;379339;Jet Lag;-;648032;Spanish edition;Own,Wanttoplay;2;2;-;-;10;10;2;20;18/9/2024;-;7.5;17612;0;
139652557;460122;Joda;-;783443;Spanish edition;Own;2;23;-;-;15;60;0;117;11/12/2025;-;0;0;0;
120346702;369384;Blockits;-;628993;El Dragón Azul Spanish edition;Own;2;4;2,3,4;2;20;20;1.5;80;13/9/2024;-;7.7;9245;0;
121010097;369384;Blockits;-;628993;El Dragón Azul Spanish edition;Prevowned,Wanttoplay;2;4;2,3,4;2;20;20;1.5;80;13/9/2024;-;7.7;9245;0;
136579825;2785;Game of Goose;-;-;-;Own;2;6;2,3,4,5,6;4;20;20;1.05;100;19/9/2025;-;3.5;30560;9.4;
120359727;103343;A Game of Thrones: The Board Game (Second Edition);-;144228;Spanish edition;Own,Wanttoplay;3;6;4,5,6;6;120;240;3.73;90;13/9/2024;-;7.5;237;24.75;
121672567;166633;Jump Ball;-;-;-;Own;2;4;2,4;2;15;15;1.33;40;6/9/2024;-;5.8;13399;1;
120346715;8098;Jungle Speed;-;581023;Top Toys Spanish edition;Own;2;10;3,4,5,6,7,8,10;5,6;10;10;1.13;640;18/9/2024;-;6.4;2064;10.59;
137355222;424816;Jungo;-;767358;Devir Portuguese edition;Own,Wanttoplay;2;5;3,4,5;4;15;15;1.18;430;9/2/2026;-;7.1;2401;8.2;
120359708;193042;Junk Art;-;446581;English edition 2019;Own,Wanttoplay;2;6;2,3,4,5,6;4,5,6;30;30;1.2;70;6/9/2024;-;7.3;611;34.74;
128539993;242;Junta;-;156102;Toy Company Argentinian edition;Own,Wanttoplay,Preordered;2;7;5,6,7;7;240;240;2.86;0;-;-;6.7;1879;16.49;
142530032;401979;Jurassic Park Digger;-;682031;Multilingual edition;Own,Wanttoplay;2;4;-;-;20;30;1.5;0;-;-;6;0;0;
120346717;254640;Just One;-;588334;Maldón Spanish edition;Own;3;7;4,5,6,7;6,7;20;60;1.03;180;13/9/2024;-;7.6;158;11.59;
120361970;254640;Just One;-;-;-;Own,Wanttoplay;3;7;4,5,6,7;6,7;20;60;1.03;180;13/9/2024;-;7.6;158;11.59;
135147585;254640;Just One;-;588334;Maldón Spanish edition;Prevowned,Wanttoplay;3;7;4,5,6,7;6,7;20;60;1.03;180;13/9/2024;-;7.6;158;11.59;
134251359;73761;K2;-;731826;Rebel English/French edition 2022;Own,Wanttoplay;1;5;1,2,3,4,5;3,4;60;60;2.25;0;-;-;7;899;20.11;
120354298;358995;Kaikoro;-;702418;Spanish edition;Own;1;99;1,2,3,4,5,6,7,8,9,10,11,12,13,14,15,16,17,18,19,20,21,22,23,24,25,26,27,28,29,30;1;30;60;2.25;110;13/9/2024;-;6.9;12835;0;
123163410;358995;Kaikoro;-;702418;Spanish edition;Own,Wanttoplay;1;99;1,2,3,4,5,6,7,8,9,10,11,12,13,14,15,16,17,18,19,20,21,22,23,24,25,26,27,28,29,30;1;30;60;2.25;110;13/9/2024;-;6.9;12835;0;
120346720;200147;Kanagawa;-;426693;Bureau De Juegos Spanish edition;Own;2;4;2,3,4;4;45;45;1.99;110;6/9/2024;-;7;952;14.7;
120467373;200147;Kanagawa;-;426693;Bureau De Juegos Spanish edition;Prevowned,Wanttoplay;2;4;2,3,4;4;45;45;1.99;110;6/9/2024;-;7;952;14.7;
124627471;241477;Karak;-;459240;Multilingual edition;Own,Wanttoplay;2;5;2,3,4,5;3,4;45;45;1.3;0;-;-;7.2;1426;23.26;
120346722;84732;Kariba;-;590502;Buró Spanish edition;Own;2;4;2,3,4;2;15;15;1.06;510;19/9/2024;-;7;1921;10.88;
120468674;84732;Kariba;-;590502;Buró Spanish edition;Prevowned,Wanttoplay;2;4;2,3,4;2;15;15;1.06;510;19/9/2024;-;7;1921;10.88;
135155058;84732;Kariba;-;590502;Buró Spanish edition;Own;2;4;2,3,4;2;15;15;1.06;510;19/9/2024;-;7;1921;10.88;
120359740;183251;Karuba;-;345708;English/German second edition;Own,Wanttoplay;2;4;2,3,4;4;30;40;1.42;120;6/9/2024;-;7.2;667;15.6;
125224375;399806;Karvi;-;715327;ES/PT/IT edition;Own,Wanttoplay;2;4;2,3,4;2;120;180;3.39;0;-;-;7.2;3105;32.28;
120346747;6931;Katamino;-;353862;Gigamic multilingual edition 2011;Own;1;2;1,2;1;10;10;1.76;260;13/9/2024;-;6.5;4524;12.2;
136746308;333255;Keep the Heroes Out!;-;739055;Spanish edition;Own,Wanttoplay;1;4;1,2,3;2;40;40;2.5;0;-;-;7.9;360;82.66;
128071642;374595;Kelp: Shark vs Octopus;-;739592;Spanish edition;Own;2;2;2;2;40;60;2.44;110;19/2/2025;-;7.5;1068;56.29;
120359767;127023;Kemet;-;605266;English/Spanish edition;Own,Wanttoplay;2;5;3,4,5;4,5;90;120;3;150;6/9/2024;-;7.6;199;25.75;
135568137;299172;The Key: Murder at the Oakdale Club;-;511969;Spanish/German edition;Own,Wanttoplay;1;4;1,2,3,4;-;15;20;1.71;390;16/9/2025;-;7.1;5015;10.9;
135568144;299171;The Key: Theft at Cliffrock Villa;-;510162;Spanish/German edition;Own,Wanttoplay;1;4;1,2,3,4;2,3,4;15;20;1.83;380;16/9/2025;-;7.1;5576;14.25;
121234402;285775;KeyForge: Worlds Collide;-;480703;Spanish edition;Own,Wanttoplay,Preordered;2;2;2;2;15;45;3;250;6/9/2024;-;7.4;2472;13.48;
126301178;403128;Who the F*ck?;-;737701;Buró Spanish edition;Own;3;8;3,4,5,6;5;20;20;1.2;280;7/12/2024;-;6.8;11257;0;
130345713;403128;Who the F*ck?;-;737701;Buró Spanish edition;Own;3;8;3,4,5,6;5;20;20;1.2;280;7/12/2024;-;6.8;11257;0;
120346753;367447;Kifkis;-;624909;Spanish edition;Own;2;8;-;-;15;15;0;60;13/9/2024;-;5.9;0;0;
120354307;377941;Gimbap;-;645390;Spanish edition;Own;2;4;2,3,4;-;15;30;1;200;6/9/2024;-;6.8;13927;25;
120354308;377941;Gimbap;-;645390;Spanish edition;Own;2;4;2,3,4;-;15;30;1;200;6/9/2024;-;6.8;13927;25;
120361900;319966;The King Is Dead: Second Edition;-;527587;English edition;Own,Wanttoplay;2;4;2,3,4;3;30;45;2.17;280;16/9/2025;-;7.6;371;20.62;
128071694;350755;King of Monster Island;-;719290;Spanish edition;Own;1;5;1,2,3,4;2,3;45;60;2.35;535;19/2/2025;-;7.1;2703;29.38;
120346759;70323;King of Tokyo;-;380579;Bureau de Juegos Spanish edition;Own;2;6;3,4,5,6;4,5;30;30;1.48;10;6/9/2024;-;7.1;493;14.11;
120361107;70323;King of Tokyo;-;380579;Bureau de Juegos Spanish edition;Own,Wanttoplay;2;6;3,4,5,6;4,5;30;30;1.48;10;6/9/2024;-;7.1;493;14.11;
120361108;293141;King of Tokyo: Dark Edition;-;564042;Buró Spanish edition;Own,Wanttoplay;2;6;3,4,5,6;4,5;30;30;1.62;310;13/9/2024;-;7.6;521;57.27;
131475664;422484;King of Tokyo: Duel;-;720873;Devir Spanish edition;Own,Wanttoplay;2;2;2;2;20;20;2.08;5;7/5/2025;-;7.1;1901;16.73;
135835449;422484;King of Tokyo: Duel;-;771248;Universo de Juegos Spanish edition;Own;2;2;2;2;20;20;2.08;5;7/5/2025;-;7.1;1901;16.73;
135835443;403240;King of Tokyo: Origins;-;771249;Universo de Juegos Spanish edition;Own;2;4;3,4;4;30;30;1.4;320;16/9/2025;-;7.3;6209;8.75;
120360514;107529;Kingdom Builder;-;459571;Multilingual second edition;Own,Wanttoplay;2;4;2,3,4;4;45;45;2.07;180;27/12/2024;-;6.9;782;13.82;
120346790;204583;Kingdomino;-;531440;Buró Spanish edition;Own;2;4;2,3,4;2,4;15;25;1.24;220;6/9/2024;-;7.3;329;7.83;
120361888;204583;Kingdomino;-;417869;Multilingual edition with Domino Dispenser;Prevowned,Wanttoplay;2;4;2,3,4;2,4;15;25;1.24;220;6/9/2024;-;7.3;329;7.83;
120346825;179661;KINMO;-;567722;Ruibal Spanish edition;Own;2;10;2,3,4,5,6,7,8;-;5;25;1.13;40;6/9/2024;-;7.1;9555;20;
120469018;179661;KINMO;-;567722;Ruibal Spanish edition;Prevowned,Wanttoplay;2;10;2,3,4,5,6,7,8;-;5;25;1.13;40;6/9/2024;-;7.1;9555;20;
120346838;223953;Kitchen Rush;-;400847;Spanish edition;Own;1;4;1,2,3,4;4;30;45;2.19;20;13/9/2024;-;7.2;1144;20.05;
120360533;223953;Kitchen Rush;-;400847;Spanish edition;Own,Wanttoplay;1;4;1,2,3,4;4;30;45;2.19;20;13/9/2024;-;7.2;1144;20.05;
120346843;358815;Kitsune;-;603600;Spanish first edition;Own;2;6;3,4,5,6;4,5,6;25;25;1.5;370;18/9/2024;-;7.2;13044;0;
130345672;358815;Kitsune;-;731139;Spanish second edition;Own;2;6;3,4,5,6;4,5,6;25;25;1.5;370;18/9/2024;-;7.2;13044;0;
132081865;444892;Kitten's Kitchen;-;756430;Spanish edition;Own;2;4;-;-;15;15;0;0;-;-;8.9;0;0;
121918243;302477;Kittin;-;495530;English edition;Own,Wanttoplay;2;8;2,3,4,6;4;3;15;1;610;18/9/2024;-;6.2;8094;3.72;
133447022;302477;Kittin;-;495530;English edition;Own,Wanttoplay;2;8;2,3,4,6;4;3;15;1;610;18/9/2024;-;6.2;8094;3.72;
120346850;277458;Kluster;-;453040;Multilingual edition 2019;Own;1;4;2,3,4;3;10;20;1.04;100;13/9/2024;-;6.6;2391;16.62;
120358860;277458;Kluster;-;453040;Multilingual edition 2019;Own,Wanttoplay;1;4;2,3,4;3;10;20;1.04;100;13/9/2024;-;6.6;2391;16.62;
135154758;277458;Kluster;-;765261;Multilingual edition 2025;Own;1;4;2,3,4;3;10;20;1.04;100;13/9/2024;-;6.6;2391;16.62;
134420724;379629;Knarr;-;749145;Spanish edition;Own,Wanttoplay;2;4;2,3,4;3;30;30;1.91;250;17/9/2025;-;7.5;507;15.98;
120361550;29355;Knister;-;539306;Spanish edition;Own,Wanttoplay;1;12;1,2,3,4,5;4;15;15;1.22;0;-;-;6.2;5733;13.62;
120346874;142325;Kobayakawa;-;322972;Spanish edition;Own;3;6;3,4,5,6;5;15;15;1.17;560;18/9/2024;-;6.3;3795;10.29;
120346899;181810;Kodama: The Tree Spirits;-;351694;Spanish edition;Own;2;5;2,3,4,5;3;30;30;1.64;320;13/9/2024;-;6.7;1851;6.1;
120346901;242328;Kontour;-;556184;Maldón Spanish edition;Own;3;7;2,3,4,5;3,4;20;20;1;230;18/9/2024;-;6.4;13741;10.8;
135120510;402111;Kronologic: Paris 1920;-;715693;Spanish edition;Own,Wanttoplay;1;4;1,2,3,4;-;30;30;2.08;350;16/9/2025;-;7.5;1581;14.21;
124184749;385610;Kutná Hora: The City of Silver;-;709770;Spanish edition;Own,Wanttoplay;2;4;2,3,4;3,4;60;120;3.34;0;-;-;7.8;475;30.83;
120360118;266083;L.L.A.M.A.;-;473689;German second edition;Own,Wanttoplay;2;6;3,4,5,6;4,5;20;20;1.05;330;19/9/2024;-;6.5;1957;5.87;
123551735;343981;Gathering of the Wicked;-;599970;Spanish edition;Own;6;12;7,8,9,10,11,12;10;30;30;1.67;280;2/10/2024;-;6.6;12585;1;
128051599;277700;Merchants Cove;-;561672;French edition;Own,Wanttoplay;1;4;1,2,3,4;3;60;90;2.74;0;-;-;7.4;980;76.54;
120360288;379959;The Battle of Versailles;-;661629;Spanish edition;Own,Wanttoplay;2;2;2;2;30;45;2.63;0;-;-;7.4;4089;25;
122900896;279537;The Search for Planet X;-;598388;Spanish edition;Own,Wanttoplay;1;4;1,2,3,4;2,3;60;75;2.43;310;2/10/2024;-;7.9;115;20.38;
140218646;334829;Fall of the Mountain King;-;634195;Spanish edition;Own,Wanttoplay;1;5;1,2,3,4;3;60;90;3.48;0;-;-;7.3;3922;29.41;
125505113;432831;The Campaign;-;734852;Spanish edition;Own;2;5;2,4;4;20;60;2;350;23/11/2024;-;7;20000;0;
128643952;432831;The Campaign;-;734852;Spanish edition;Own;2;5;2,4;4;20;60;2;350;23/11/2024;-;7;20000;0;
131475697;429293;The Lord of the Rings: The Fellowship of the Ring – Trick-Taking Game;-;728814;Spanish edition;Own,Wanttoplay;1;4;1,2,3,4;4;20;20;1.96;10;20/8/2025;-;8;152;17.98;
145316471;409553;The First Tsar: Ivan the Terrible;-;745186;Spanish edition;Own,Wanttoplay;2;4;2,3,4;4;90;120;3.08;0;-;-;7.2;7542;55.85;
140464214;437581;La Cuenta;-;743131;CAT/ENG/FRE/GER/SPA edition;Own,Wanttoplay;3;8;4,5,6,7,8;6;5;15;1.14;0;-;-;7.5;3511;17.09;
120354317;227525;La Cueva Mágica;-;355679;English/Spanish edition;Own;2;5;-;-;20;40;0;0;-;-;6.4;0;0;
120346905;222643;The Lady and the Tiger;-;567804;Aquí Hay Dragones Spanish edition;Own;1;6;1,2,3,4,5,6;2;15;20;1.65;150;18/9/2024;-;6.3;6429;5.36;
120345274;12346;Spooky Stairs;-;224536;Devir Iberian edition;Own;2;4;3,4;4;10;15;1.09;110;6/9/2024;-;6.4;3808;17.84;
120361209;12346;Spooky Stairs;-;224536;Devir Iberian edition;Own,Wanttoplay;2;4;3,4;4;10;15;1.09;110;6/9/2024;-;6.4;3808;17.84;
136089842;367517;La Famiglia: The Great Mafia War;-;732276;Spanish/Italian edition;Own,Wanttoplay;4;4;4;4;120;180;3.99;0;-;-;8;1259;48.88;
133795701;432813;La Feliz;-;734824;Spanish edition;Own;2;6;-;-;20;20;1;200;1/7/2025;-;8;14306;0;
120354319;140;Pit;-;571697;Fractal Juegos Spanish edition;Own;3;8;4,5,6,7,8;6,7,8;30;90;1.15;130;13/9/2024;-;6.4;2243;6.04;
141500307;140;Pit;-;571697;Fractal Juegos Spanish edition;Own;3;8;4,5,6,7,8;6,7,8;30;90;1.15;130;13/9/2024;-;6.4;2243;6.04;
134251208;181279;Fury of Dracula (Third/Fourth Edition);-;294623;Spanish edition;Own,Wanttoplay,Preordered;2;5;2,3,4,5;3,5;120;180;3.28;365;19/8/2025;-;7.4;400;63.31;
137656034;118527;Ortho Cat's;-;-;-;Own;3;8;-;-;30;30;0;0;-;-;0;0;0;
132819675;380189;Le Grand Voyage;-;727078;Spanish edition;Own,Wanttoplay;2;8;2,3,4,5,6,7,8;3,4,5,6;15;30;1.33;400;16/9/2025;-;6.9;9401;0;
120354320;379620;La Gran Siete;-;648508;Spanish edition;Own;3;8;-;-;10;10;0;480;18/9/2024;-;5.3;0;0;
135561783;379620;La Gran Siete;-;648508;Spanish edition;Own;3;8;-;-;10;10;0;480;18/9/2024;-;5.3;0;0;
129561378;341945;La Granja: Deluxe Master Set;-;598566;Spanish edition;Own,Wanttoplay;1;4;1,2,3,4;3;90;120;3.47;130;16/8/2025;-;8.2;666;68.7;
120360143;281259;The Isle of Cats;-;479482;Spanish edition;Own,Wanttoplay;1;4;1,2,3,4;3;60;90;2.36;330;6/9/2024;-;7.6;195;38.8;
120360144;338460;The Isle of Cats: Explore & Draw;-;602303;Spanish edition;Own,Wanttoplay;1;6;1,2,3,4,5,6;2,3,4;30;45;2.2;550;13/9/2024;-;7.3;1756;12.89;
120346908;242639;Treasure Island;-;458201;Spanish edition;Own;2;5;3,4,5;4;45;45;2.2;200;13/9/2024;-;7.2;829;22.52;
120361086;242639;Treasure Island;-;458201;Spanish edition;Own,Wanttoplay;2;5;3,4,5;4;45;45;2.2;200;13/9/2024;-;7.2;829;22.52;
120346689;336373;The Lost Island;-;559745;RunDOS Studio Spanish edition;Own;1;4;1,2,3,4;2,3;20;40;1.75;50;13/9/2024;-;6.8;12524;0;
120361384;336373;The Lost Island;-;559745;RunDOS Studio Spanish edition;Own,Wanttoplay;1;4;1,2,3,4;2,3;20;40;1.75;50;13/9/2024;-;6.8;12524;0;
120346913;65244;Forbidden Island;-;89068;Spanish edition 2011;Own;2;4;1,2,3,4;4;30;30;1.74;140;13/9/2024;-;6.8;1022;7.13;
120467426;65244;Forbidden Island;-;89068;Spanish edition 2011;Prevowned,Wanttoplay;2;4;1,2,3,4;4;30;30;1.74;140;13/9/2024;-;6.8;1022;7.13;
120347078;218165;La Macarena;-;339747;Spanish edition;Own;2;5;2,3;3;20;40;1.6;410;18/9/2024;-;6.2;19536;5.5;
120347102;329505;La Maldición: Héroes de Lorthar;-;548038;Spanish edition;Own;2;8;4;4;20;60;1;180;4/1/2025;-;6;25011;0;
120361542;329505;La Maldición: Héroes de Lorthar;-;548038;Spanish edition;Own,Wanttoplay;2;8;4;4;20;60;1;180;4/1/2025;-;6;25011;0;
144599258;416079;March of the Ants: Evolved Edition;-;797260;Spanish edition;Own,Wanttoplay;1;5;1,2,3,4,5;4;60;90;3.21;0;-;-;7.6;3047;62.68;
133825147;393973;Match of the Century;-;672711;Spanish edition;Own,Wanttoplay;2;2;2;2;30;45;2.58;300;16/9/2025;-;7.5;2353;12.74;
120347919;128882;The Resistance: Avalon;-;278087;Spanish edition 2015;Own;5;10;5,6,7,8,9,10;7,8;30;30;1.74;30;13/9/2024;-;7.5;236;8.42;
120361876;128882;The Resistance: Avalon;-;624445;Spanish edition 2021;Prevowned,Wanttoplay;5;10;5,6,7,8,9,10;7,8;30;30;1.74;30;13/9/2024;-;7.5;236;8.42;
127819802;380226;Forbidden Jungle;-;728505;Spanish edition;Own,Wanttoplay;2;5;2,3,4;3;45;45;2.09;240;11/1/2025;-;7.3;2662;19;
136332575;439629;La Torre de Babel;-;747263;Spanish edition;Own;3;8;-;-;15;15;0;0;-;-;8.9;0;0;
121234070;298397;Der verzauberte Turm;-;524278;Catalan/Portuguese/Spanish edition;Own,Wanttoplay,Preordered;2;4;2,3,4;2;10;15;1;10;6/9/2024;-;6.2;13976;0;
120346916;284083;The Crew: The Quest for Planet Nine;-;517079;Spanish edition;Own;2;5;3,4,5;4;20;20;1.97;350;13/9/2024;-;7.8;93;5.23;
120361743;284083;The Crew: The Quest for Planet Nine;-;517079;Spanish edition;Prevowned,Wanttoplay;2;5;3,4,5;4;20;20;1.97;350;13/9/2024;-;7.8;93;5.23;
120853941;324856;The Crew: Mission Deep Sea;-;625349;Spanish edition;Own,Wanttoplay;2;5;3,4,5;4;20;20;2.05;360;13/9/2024;-;8;43;9.95;
120359269;276497;La Viña;-;484897;Spanish-only edition;Own,Wanttoplay;2;5;2,3,4,5;3,4;30;45;2.06;390;13/9/2024;-;6.8;4583;15.98;
120346918;286848;Lab Rats;-;467945;Spanish edition;Own;3;5;3,4,5;4,5;20;40;1.33;30;13/9/2024;-;6.4;19521;0;
120354327;348450;Lacrimosa;-;582353;Multilingual edition;Own;1;4;1,2,3,4;3;90;90;3.16;430;13/9/2024;-;7.6;618;29.67;
120360541;348450;Lacrimosa;-;582353;Multilingual edition;Own,Wanttoplay;1;4;1,2,3,4;3;90;90;3.16;430;13/9/2024;-;7.6;618;29.67;
135601258;452543;Ladrón de Letras;-;770127;Spanish edition;Own;1;8;-;-;15;15;0;0;-;-;7.5;0;0;
120361193;160851;Lanterns: The Harvest Festival;-;243229;English first edition;Own,Wanttoplay;2;4;2,3,4;4;30;30;1.54;560;2/10/2024;-;6.9;1108;10.23;
120344517;326494;The Adventures of Robin Hood;-;603163;Spanish edition;Own;2;4;1,2,3,4;-;60;60;1.83;120;6/9/2024;-;7.4;784;17.39;
120467316;326494;The Adventures of Robin Hood;-;603163;Spanish edition;Prevowned,Wanttoplay;2;4;1,2,3,4;-;60;60;1.83;120;6/9/2024;-;7.4;784;17.39;
120344127;323103;A las Chapas;-;533985;Máquina del Misterio edition;Own;2;8;-;-;15;30;1;730;19/9/2024;-;6.6;18545;0;
120469106;323103;A las Chapas;-;-;-;Prevowned,Wanttoplay;2;8;-;-;15;30;1;730;19/9/2024;-;6.6;18545;0;
144143184;448271;The Lord of the Rings: The Two Towers – Trick-Taking Game;-;775587;Spanish edition;Own,Wanttoplay;1;4;1,2,3,4;4;20;20;2.15;0;-;-;8.4;1598;27.57;
120346973;127398;Legends of Andor;-;560975;Spanish second edition;Own;2;4;1,2,3,4;4;60;90;2.77;100;6/9/2024;-;7.1;676;18.04;
120346996;198287;Legends of Andor: The Last Hope;-;375803;Spanish edition;Own;2;4;1,2,3,4;4;60;90;3.28;0;-;-;7.8;2346;26.06;
120360206;205059;Mansions of Madness: Second Edition;-;319972;Spanish edition;Own,Wanttoplay;1;5;1,2,3,4,5;3,4;120;180;2.7;10;6/9/2024;-;7.9;76;72.04;
139137776;39683;At the Gates of Loyang;-;373289;Spanish edition;Own,Wanttoplay;1;4;1,2,3,4;2;60;120;3.11;0;-;-;7.3;480;39.87;
120346951;312484;Lost Ruins of Arnak;-;558853;Spanish edition;Own;1;4;1,2,3,4;3;30;120;2.93;330;13/9/2024;-;8.1;30;40.12;
120361441;312484;Lost Ruins of Arnak;-;558853;Spanish edition;Prevowned,Wanttoplay;1;4;1,2,3,4;3;30;120;2.93;330;13/9/2024;-;8.1;30;40.12;
120360521;269207;The Taverns of Tiefenthal;-;483703;Spanish/Portuguese/Italian edition;Own,Wanttoplay;2;4;2,3,4;2,3;60;60;2.69;0;-;-;7.6;247;25.64;
122523432;117959;Las Vegas;-;409416;French second edition;Own,Wanttoplay;2;5;3,4,5;4;30;30;1.17;60;13/9/2024;-;7.2;624;50.13;
142112562;457797;Last Bullet;-;779489;Spanish edition;Own;1;5;2,3,4,5;5;15;30;1.33;0;-;-;6.9;0;0;
142112586;457797;Last Bullet;-;779489;Spanish edition;Own;1;5;2,3,4,5;5;15;30;1.33;0;-;-;6.9;0;0;
121918157;374201;Lata;-;691075;Spanish edition;Own,Wanttoplay;1;4;1,2,3,4;-;20;45;2.26;100;13/9/2024;-;7.2;4126;16.18;
142112565;430633;Lava House;-;731113;Spanish Edition;Own;2;4;-;-;15;30;0;0;-;-;7.8;0;0;
142112595;430633;Lava House;-;731113;Spanish Edition;Own;2;4;-;-;15;30;0;0;-;-;7.8;0;0;
123129900;35677;Le Havre;-;675106;Spanish fourth edition;Own,Wanttoplay;1;5;1,2,3,4;3;30;150;3.71;0;-;-;7.8;81;56.39;
124837486;29017;Dschungelschatz;-;388491;Multilingual edition;Own;2;4;2,3,4;3,4;15;15;1.16;265;28/10/2024;-;6.7;8383;13.48;
136395784;359893;Sounds Fishy;-;-;-;Own;4;10;5,6,7,8,9,10;7,8;30;30;1;270;16/9/2025;-;6.7;3365;8.05;
120359871;217372;The Quest for El Dorado;-;674592;Italian/Spanish second edition;Own,Wanttoplay;2;4;2,3,4;2,4;30;60;1.94;110;13/9/2024;-;7.7;123;24.46;
120360186;191538;Leo;-;353950;Spanish edition;Own,Wanttoplay;2;5;2,3,4,5;5;30;30;1.14;30;6/9/2024;-;6.7;3571;13.84;
120359903;329841;Ticket to Ride: Europe – 15th Anniversary;-;548703;French edition;Own,Wanttoplay;2;5;2,3,4,5;4;30;60;1.87;10;3/9/2024;-;8.2;0;57.99;
121778404;31627;Ticket to Ride: Nordic Countries;-;371376;French edition 2017;Own,Wanttoplay;2;3;2,3;3;30;60;1.96;20;6/9/2024;-;7.6;239;27.69;
120348186;372897;Les Secrets de la Tour Eiffel;-;636143;French edition;Own;2;10;-;-;20;20;0;0;-;-;0;0;0;
132658077;362986;Tribes of the Wind;-;614904;French edition;Own,Wanttoplay;2;5;2,3,4;3;40;90;2.66;290;19/8/2025;-;7.3;1205;20.56;
135443646;423729;Let's Hit Each Other with Fake Swords;-;718900;Spanish edition;Own;3;6;3,4,5,6;-;15;15;1;110;16/8/2025;-;5.9;19056;0;
120346969;140620;Lewis & Clark: The Expedition;-;551270;English edition 2020;Own;1;5;1,2,3,4;3;120;120;3.32;50;13/9/2024;-;7.4;331;18.68;
120360947;140620;Lewis & Clark: The Expedition;-;551270;English edition 2020;Own,Wanttoplay;1;5;1,2,3,4;3;120;120;3.32;50;13/9/2024;-;7.4;331;18.68;
136391010;92324;Eternal Legend;-;-;-;Own;1;4;-;-;5;5;0;0;-;-;0;0;0;
137656256;420708;Leyes & Lobbies;-;718832;Spanish second edition;Own;3;12;-;-;0;0;0;0;-;-;5.9;0;0;
139357319;45;Perudo;-;520057;Brybelly edition;Own,Wanttoplay;2;10;3,4,5,6,7;5,6;15;30;1.25;500;9/2/2026;-;6.9;866;10.68;
120347004;367152;Lidera tu Tribu;-;624431;Spanish edition;Own;3;10;-;-;20;60;0;0;-;-;7.5;0;0;
120347032;195237;Leaders of Euphoria: Choose a Better Oppressor;-;613204;Spanish edition;Own;4;8;5,6,7,8;7,8;15;35;1.83;280;18/9/2024;-;6.4;6478;11.64;
132588927;423677;The Lie;-;718805;Multilingual edition;Own;2;6;4,5,6;4;15;25;1.22;230;1/7/2025;-;6.4;11743;7;
135120941;423677;The Lie;-;718805;Multilingual edition;Own,Wanttoplay;2;6;4,5,6;4;15;25;1.22;230;1/7/2025;-;6.4;11743;7;
139137865;368305;Life of the Amazonia;-;-;-;Own,Wanttoplay;1;4;1,2,3;2;60;150;2.86;0;-;-;8.1;497;74.09;
136390805;381954;World Cup! Laws of the Game Expansion;Y;-;-;Own;2;16;-;-;30;120;0;0;-;-;8;0;0;
140801764;421199;Link City;-;-;-;Own,Wanttoplay;2;6;3,4,5,6;-;30;30;1.04;260;9/2/2026;-;7.1;3428;8.37;
120360116;153065;Linko;-;638320;Fractal Juegos Spanish edition;Own,Wanttoplay;2;5;3,4,5;4;20;20;1.39;320;19/9/2024;-;7;1184;7.95;
120347040;304676;Listas las Listas;-;499511;Spanish edition;Own;1;8;-;-;15;40;0;750;19/9/2024;-;6.3;0;0;
137355227;352574;Fit to Print;-;708029;Spanish edition;Own,Wanttoplay;1;6;1,2,3,4,5,6;4;15;30;2.12;0;-;-;7.3;1052;16.81;
135418095;367367;Little Secret;-;-;-;Own;3;9;5,6,7,8,9;6,7;15;45;1;110;17/9/2025;-;6.4;11170;0;
141645908;367367;Little Secret;-;-;-;Own,Wanttoplay;3;9;5,6,7,8,9;6,7;15;45;1;110;17/9/2025;-;6.4;11170;0;
120347044;241266;Little Town;-;555790;Buró Spanish/Portuguese edition;Own;2;4;2,3,4;3,4;30;60;1.94;100;6/9/2024;-;7.1;1178;12.72;
120361453;241266;Little Town;-;555790;Buró Spanish/Portuguese edition;Own,Wanttoplay;2;4;2,3,4;3,4;30;60;1.94;100;6/9/2024;-;7.1;1178;12.72;
120359876;328479;Living Forest;-;604498;Ludonaute English edition;Own,Wanttoplay;1;4;2,3,4;3;40;40;2.21;50;13/9/2024;-;7.2;760;19.13;
132975715;344282;The Living Infinite;-;574363;Chronicle Books English edition;Own;2;6;-;-;20;30;0;380;1/7/2025;-;6.4;0;10;
120359729;330038;Llamaland;-;576314;Spanish edition;Own,Wanttoplay;2;4;2,3,4;2;45;45;2.01;80;6/9/2024;-;7.3;1496;17.25;
120475150;322302;Lockup: Kulbak Pack;Y;531655;English edition;Prevowned,Wanttoplay;1;5;1,2,3;3;45;90;3;0;-;-;7.6;0;3.18;
120347047;240855;Lockup: A Roll Player Tale;-;589394;Spanish edition;Own;1;5;1,2,3,4,5;4;45;90;2.45;50;6/9/2024;-;7.3;1404;21.91;
120467811;240855;Lockup: A Roll Player Tale;-;589394;Spanish edition;Prevowned,Wanttoplay;1;5;1,2,3,4,5;4;45;90;2.45;50;6/9/2024;-;7.3;1404;21.91;
120347053;184346;Go Nuts for Donuts;-;610682;Spanish edition;Own;2;6;3,4,5,6;4,5;20;20;1.13;80;13/9/2024;-;6.4;3166;7.5;
120468806;184346;Go Nuts for Donuts;-;610682;Spanish edition;Prevowned,Wanttoplay;2;6;3,4,5,6;4,5;20;20;1.13;80;13/9/2024;-;6.4;3166;7.5;
128463206;184346;Go Nuts for Donuts;-;610682;Spanish edition;Own,Wanttoplay,Preordered;2;6;3,4,5,6;4,5;20;20;1.13;80;13/9/2024;-;6.4;3166;7.5;
137730775;236191;London (Second Edition);-;375107;Spanish edition;Own,Wanttoplay;2;4;2,3,4;3;60;90;2.72;0;-;-;7.5;496;24.6;
120359953;136991;Loony Quest;-;271218;Multilingual EN/IT/RU/JP edition;Own,Wanttoplay;2;5;2,3,4,5;4;20;30;1.19;80;6/9/2024;-;6.9;1327;11.11;
130345650;770;Loot;-;557462;Neptuno Spanish edition;Own;2;8;3,4,5,6,8;4;20;20;1.38;270;4/4/2025;-;6.3;2754;7.5;
123400239;421006;The Lord of the Rings: Duel for Middle-earth;-;713863;Spanish edition;Own,Wanttoplay;2;2;2;2;30;30;2.07;120;15/1/2025;-;8.4;19;24.44;
120347055;110327;Lords of Waterdeep;-;130603;English edition, first printing;Own;2;5;2,3,4,5;3,4;60;120;2.45;280;13/9/2024;-;7.7;107;47.32;
120360980;203993;Lorenzo il Magnifico;-;548934;English edition 2019;Own,Wanttoplay;2;4;2,3,4;3,4;60;120;3.29;65;17/5/2025;-;7.8;140;26.5;
121905821;359134;Los Futbolísimos: Campo 4;-;604127;Buró Spanish edition;Own,Wanttoplay,Preordered;2;4;2,3,4;4;15;15;1;290;18/9/2024;-;6.1;0;5.47;
120475146;333329;Los Payasos;-;571291;Second edition;Prevowned,Wanttoplay;2;4;-;-;5;20;0;0;-;-;7.9;0;0;
120360938;24480;The Pillars of the Earth;-;30872;Spanish edition;Own,Wanttoplay;2;4;2,3,4;4;90;120;2.81;0;-;-;7.3;465;19.52;
120361749;171623;The Voyages of Marco Polo;-;292486;Spanish/Portuguese first edition;Own,Wanttoplay;2;4;2,3,4;4;40;100;3.18;70;6/9/2024;-;7.8;120;37.83;
120361898;50;Lost Cities;-;430619;Spanish/Portuguese edition 2018;Own,Wanttoplay;2;2;2;2;30;30;1.47;30;6/9/2024;-;7.3;343;9.11;
120468812;327831;Lost Cities: Roll & Write;-;640440;Portuguese/Spanish edition;Own,Wanttoplay;2;5;2,3,4,5;3;30;30;1.29;400;13/9/2024;-;7.1;2784;8.44;
120467414;216459;The Lost Expedition;-;337213;English edition;Prevowned,Wanttoplay;1;5;1,2,3;1;30;50;1.87;0;-;-;7;1015;13;
120347064;129622;Love Letter;-;476533;Devir Spanish edition;Own;2;4;3,4;4;20;20;1.18;250;19/9/2024;-;7.2;366;9.26;
120361562;129622;Love Letter;-;476533;Devir Spanish edition;Own,Wanttoplay;2;4;3,4;4;20;20;1.18;250;19/9/2024;-;7.2;366;9.26;
120347067;118247;Lucky Numbers;-;578386;Maldón Spanish edition;Own;1;4;2,3,4;3;20;20;1.13;55;13/9/2024;-;6.4;2838;12.88;
120468804;118247;Lucky Numbers;-;578386;Maldón Spanish edition;Prevowned,Wanttoplay;1;4;2,3,4;3;20;20;1.13;55;13/9/2024;-;6.4;2838;12.88;
136390772;7262;Top Trumps;-;-;-;Own;2;6;2,3;-;20;20;1.06;470;16/9/2025;-;4.3;30551;6.09;
120347071;323613;LUNA Capital;-;535010;Multilingual edition;Own;1;4;1,2,3,4;-;45;45;2.24;130;6/9/2024;-;7.1;2239;12.37;
120468691;323613;LUNA Capital;-;535010;Multilingual edition;Own,Wanttoplay;1;4;1,2,3,4;-;45;45;2.24;130;6/9/2024;-;7.1;2239;12.37;
120347072;259393;Lunes;-;419082;Spanish first edition;Own;1;2;1;1;10;10;1.43;460;18/9/2024;-;7.3;7741;0;
120469010;259393;Lunes;-;419082;Spanish first edition;Prevowned,Wanttoplay;1;2;1;1;10;10;1.43;460;18/9/2024;-;7.3;7741;0;
128643921;259393;Lunes;-;689175;Spanish second edition;Own;1;2;1;1;10;10;1.43;460;18/9/2024;-;7.3;7741;0;
120475148;277690;Lunes: Recorte de Personal;Y;453213;Spanish edition;Prevowned,Wanttoplay;1;2;1,2;2;10;15;2;462;18/9/2024;-;7.2;0;0;
120360894;245643;Luxor;-;459114;Italian/Portuguese/Spanish edition;Own,Wanttoplay;2;4;2,3,4;3,4;45;45;1.91;160;4/12/2024;-;7.2;1023;37.23;
120354349;259081;Machi Koro Legacy;-;518149;Spanish edition;Own;2;4;2,3,4;3,4;30;45;1.9;0;-;-;6.9;2209;24.78;
120354356;365983;Mada;-;710888;Buró Spanish edition;Own;2;5;3,4,5;4,5;20;20;1.13;520;19/9/2024;-;6.8;6355;12.54;
120468997;365983;Mada;-;710888;Buró Spanish edition;Prevowned,Wanttoplay;2;5;3,4,5;4,5;20;20;1.13;520;19/9/2024;-;6.8;6355;12.54;
120359313;209778;Magic Maze;-;450827;Dutch/English/French second edition;Own,Wanttoplay;1;8;2,3,4,5,6;4;15;15;1.75;220;6/9/2024;-;6.9;794;11.3;
120347083;283135;Magic Maze on Mars;-;532569;Spanish edition;Own;1;6;2,3,4,5,6;3,4;15;15;2.14;430;6/9/2024;-;7;4589;24.54;
120347085;224108;Magus: Aura Mortis;-;350347;Spanish edition;Own;2;5;1,3,4,5;4;40;80;3.5;600;6/9/2024;-;7.6;13421;0;
120359760;230080;Majesty: For the Realm;-;399203;Spanish edition;Own,Wanttoplay;2;4;2,3,4;4;20;30;1.72;40;6/9/2024;-;6.9;1241;15.37;
120354358;312243;Make Make;-;513111;Spanish first edition;Own;3;4;3,4;3,4;30;30;2.17;180;13/9/2024;-;7.2;12128;0;
120347089;287228;Mal Trago;-;610684;Top Toys Spanish edition;Own;4;10;5,6,7,8,9;6,7;15;20;1;90;13/9/2024;-;7;4042;0;
120347093;287228;Mal Trago;-;610684;Top Toys Spanish edition;Own;4;10;5,6,7,8,9;6,7;15;20;1;90;13/9/2024;-;7;4042;0;
120347097;287228;Mal Trago;-;610684;Top Toys Spanish edition;Own;4;10;5,6,7,8,9;6,7;15;20;1;90;13/9/2024;-;7;4042;0;
130996428;432459;Mala Suerte;-;734175;Spanish edition;Own,Wanttoplay;2;6;3,4;4;5;25;1.67;0;-;-;6.6;19434;0;
140219272;364008;Maudit Mot Dit;-;704526;Spanish edition;Own;3;6;3,4,5,6;4,5;30;30;1.24;170;31/1/2026;-;6.9;5082;0;
145035338;366493;Malevaje;-;623043;Spanish edition;Own;1;4;-;-;10;40;0;0;-;-;9;0;0;
145035342;366493;Malevaje;-;623043;Spanish edition;Own;1;4;-;-;10;40;0;0;-;-;9;0;0;
120468999;172073;MammuZ;-;264385;English/German first edition;Prevowned,Wanttoplay;3;7;3,4,5,6,7;5,6;20;20;1.21;0;-;-;6.3;7571;8.02;
125751834;372559;Spots;-;707357;Spanish edition;Own,Wanttoplay;1;4;2,3,4;2;25;30;1.27;440;25/11/2024;-;7.1;900;14.14;
120361448;264241;Mandala;-;461215;English edition;Own,Wanttoplay;2;2;2;2;20;20;1.78;280;2/10/2024;-;7.4;566;11.27;
120468735;317504;Mandala Stones;-;561614;Spanish edition;Own,Wanttoplay;2;4;2,3,4;2;30;30;1.84;50;13/9/2024;-;6.8;2500;9.47;
120347107;358799;Mandale Fruta;-;603573;Spanish edition;Own;2;4;-;-;15;30;0;60;13/9/2024;-;6.6;0;0;
120354401;291847;Mantis Falls;-;554951;Spanish edition;Own;2;3;2,3;2;60;90;2.71;0;-;-;7.1;2377;17.08;
125833842;430592;MANTIS: Grab & Game;-;731028;Spanish edition;Own;2;4;2;-;10;10;1;30;25/11/2024;-;6.5;18249;0;
125869943;430592;MANTIS: Grab & Game;-;731028;Spanish edition;Prevowned,Wanttoplay;2;4;2;-;10;10;1;30;25/11/2024;-;6.5;18249;0;
143247853;430592;MANTIS: Grab & Game;-;731028;Spanish edition;Own;2;4;2;-;10;10;1;30;25/11/2024;-;6.5;18249;0;
120360874;276025;Maracaibo;-;601863;Spanish third edition;Own,Wanttoplay;1;4;1,2,3,4;3;30;120;3.92;230;13/9/2024;-;7.9;87;26.53;
121918148;365258;World Wonders;-;667872;Spanish edition;Own,Wanttoplay;1;5;1,2,3,4;3;50;70;2.26;370;16/8/2025;-;7.6;476;25.23;
120361864;283948;Marco Polo II: In the Service of the Khan;-;479442;Spanish/Portuguese edition;Own,Wanttoplay;2;4;2,3,4;3;60;120;3.38;350;6/9/2024;-;7.9;202;37.42;
120347131;1403;Turn the Tide;-;556713;Neptuno Spanish edition;Own;3;5;3,4,5;4,5;30;30;1.52;260;13/9/2024;-;6.8;1636;14.44;
121010058;1403;Turn the Tide;-;556713;Neptuno Spanish edition;Prevowned,Wanttoplay;3;5;3,4,5;4,5;30;30;1.52;260;13/9/2024;-;6.8;1636;14.44;
120360887;297978;Mariposas;-;544335;Spanish edition;Own,Wanttoplay;2;5;2,3,4,5;3,4;45;75;2.2;0;-;-;6.7;1696;13.13;
120347189;29223;Marrakech;-;589461;Fractal Juegos Spanish edition;Own;2;4;2,3,4;4;30;30;1.33;50;6/9/2024;-;6.7;1747;17.6;
120467964;29223;Marrakech;-;589461;Fractal Juegos Spanish edition;Prevowned,Wanttoplay;2;4;2,3,4;4;30;30;1.33;50;6/9/2024;-;6.7;1747;17.6;
120360516;342810;Marrakesh;-;674210;Iberian edition;Own,Wanttoplay;2;4;2,3,4;3;120;120;3.45;360;19/8/2025;-;8.1;346;88.64;
144143173;448741;MARVEL: Skirmish! In New York;-;787079;Spanish edition;Own,Wanttoplay;2;2;2;2;30;30;2;0;-;-;6.8;12724;0;
120347202;285774;Marvel Champions: The Card Game;-;466345;Spanish edition;Own;1;4;1,2,3;1,2;45;90;2.96;0;-;-;8.1;48;123.78;
120359205;359152;Marvel: Remix;-;669643;Spanish edition;Own,Wanttoplay;2;6;2,3,4;3;20;20;1.81;80;13/9/2024;-;7.3;1258;10.4;
120361890;298047;Marvel United;-;558115;Spanish edition;Own,Wanttoplay;1;4;1,2,3,4;3;40;40;1.84;220;13/9/2024;-;7.5;334;64.78;
120358828;336382;Marvel United: X-Men;-;643484;Spanish edition;Own,Wanttoplay;1;5;1,2,3,4,5;3;40;40;1.99;0;-;-;8;401;94.46;
128759919;302336;Marvel Villainous: Infinite Power;-;589187;Spanish edition;Own,Wanttoplay,Preordered;2;4;2,3,4;3;40;80;2.71;90;11/2/2025;-;6.7;2511;10.1;
128759925;335528;Marvel Villainous: Mischief & Malice;-;730257;Spanish edition;Own,Wanttoplay,Preordered;2;3;2,3;3;40;80;2.88;92;11/2/2025;-;7.3;4175;13.86;
141741197;315610;Massive Darkness 2: Hellscape;-;-;-;Own,Wanttoplay;1;6;1,2,3,4;3;60;60;2.76;0;-;-;8;502;90.52;
135120614;393888;Match!;-;735793;Multilingual edition;Own,Wanttoplay;2;6;2,3,4,5,6;4,5;20;20;1.09;0;-;-;6.7;4998;9.9;
120354411;363091;Mazescape XP: Cryo-C;-;615298;Multilingual edition;Own;1;1;1;1;15;15;2;240;13/9/2024;-;6.6;15215;5;
120347223;370475;Mazescape: Labýrinthos – Demo;-;631569;Multilingual edition;Own;1;1;-;-;5;15;0;0;-;-;5.3;0;0;
120347225;296276;Mazmorras de Puestosombrío;-;484849;Spanish edition;Own;1;4;1,2,3,4;1,2;60;90;1.67;0;-;-;7;0;0;
120359686;314491;Meadow;-;644642;English edition 2022;Own,Wanttoplay;1;4;1,2,3,4;2;60;90;2.25;40;13/9/2024;-;7.7;216;23.43;
135120802;419293;Medical Mysteries: Miami Flatline;-;759752;Spanish edition;Own,Wanttoplay;1;4;1,2,3,4;2;30;60;1.92;605;17/9/2025;-;7.8;5501;45;
135120805;415036;Medical Mysteries: NYC Emergency Room;-;759751;Spanish edition;Own,Wanttoplay;1;4;1,2,3;2;30;60;2.16;600;17/9/2025;-;7.6;3046;9.55;
120347227;340434;Medusa: El Desafío del Héroe;-;567212;Spanish edition;Own;2;4;2,3,4;2;30;30;2;0;-;-;5.1;0;0;
139649466;193214;Meeple Circus;-;420034;Spanish edition;Own;2;5;2,3,4,5;4,5;45;45;1.41;80;9/2/2026;-;7;1136;38.97;
139649482;193214;Meeple Circus;-;420034;Spanish edition;Prevowned,Wanttoplay;2;5;2,3,4,5;4,5;45;45;1.41;80;9/2/2026;-;7;1136;38.97;
120360948;300683;Meeple Land;-;492522;Multilingual edition;Own,Wanttoplay;2;4;2,3,4;3;45;45;1.9;340;23/11/2024;-;7.2;2021;18.27;
120347230;328230;Meme vs 100cia;-;545311;Spanish edition;Own;2;6;2,3,4,5,6;6;15;30;1.25;185;18/11/2025;-;6.3;23847;0;
136390814;140729;Say What You Meme;-;-;-;Own;3;10;-;-;60;60;1.25;0;-;-;4.2;28996;0;
136340282;453622;Memochef;-;772234;Spanish edition;Own;1;6;-;-;15;30;0;360;11/9/2025;-;0;0;0;
120359710;10630;Memoir '44;-;33370;Spanish edition;Own,Wanttoplay;2;4;2;2;30;45;2.27;85;13/9/2024;-;7.5;220;60.96;
137730163;10630;Memoir '44;-;779152;"Spanish ""revisada"" edition";Own,Wanttoplay;2;4;2;2;30;45;2.27;85;13/9/2024;-;7.5;220;60.96;
132588832;418249;Memoria de Chasqui;-;708624;Spanish edition;Own;2;4;-;-;30;30;0;0;-;-;8;0;0;
129913566;431569;Memorias de Julio Verne;-;732709;Spanish edition;Own;1;6;1,2,3,4,5,6;1,2,3,4;15;20;1;255;5/4/2025;-;8.1;0;0;
142061150;7688;Memory;-;-;-;Own;2;6;2,3,4;2;30;30;1.14;115;1/2/2026;-;4.8;30549;19;
125233835;404431;Men-Nefer;-;686410;English/Spanish edition;Own,Wanttoplay;1;4;1,2,3,4;3;60;120;3.7;240;19/8/2025;-;8.2;558;46.46;
120359763;311322;Herd Mentality;-;671528;Toyco Spanish edition;Own,Wanttoplay;4;20;5,6,7,8,9,10,11,12,13,14;7,8;20;30;1;190;6/9/2024;-;6.6;2465;9.65;
135834676;440029;Meow Meow Dice;-;748213;EN/JA/KO PlayteBox edition;Own;2;4;2,3,4;4;20;25;1;210;19/9/2025;-;6.2;16661;35;
124667726;262477;Mercado de Lisboa;-;527418;French edition;Own,Wanttoplay;1;4;2,3,4;3;30;45;2.08;0;-;-;6.5;2895;10.85;
133241587;440908;Mercado de Trueque;-;749987;Argentinian edition;Own;2;4;2,3,4;4;20;30;0;0;-;-;7.5;0;0;
138802059;440908;Mercado de Trueque;-;749987;Argentinian edition;Own;2;4;2,3,4;4;20;30;0;0;-;-;7.5;0;0;
120467261;306040;Merv: The Heart of the Silk Road;-;501486;English edition;Own,Wanttoplay;1;4;2,3,4;4;90;90;3.44;0;-;-;7.5;775;22.3;
120360277;238799;Messina 1347;-;588860;Spanish edition;Own,Wanttoplay;1;4;1,2,3,4;3;60;140;3.61;0;-;-;7.5;869;16.66;
131414516;559;Metro;-;733298;Spanish/Catalan/Portuguese/Italian edtion;Own,Wanttoplay;2;6;2,3,4,5,6;-;30;30;1.68;0;-;-;6.4;2559;10.68;
120475143;333328;Mi Granja;-;554815;Spanish edition;Prevowned,Wanttoplay;2;4;-;-;10;10;0;0;-;-;7.6;0;0;
142144894;7688;Memory;-;-;-;Own;2;6;2,3,4;2;30;30;1.14;115;1/2/2026;-;4.8;30549;19;
120354451;418296;Michis;-;708678;Spanish edition;Own;2;4;-;-;30;30;1;530;19/9/2024;-;7.5;0;0;
137656282;454732;Michu;-;774151;Spanish Green edition;Own;2;6;-;-;20;45;0;725;23/1/2026;-;7.5;0;0;
137656285;454732;Michu;-;774439;Spanish Brown edition;Own;2;6;-;-;20;45;0;725;23/1/2026;-;7.5;0;0;
120361885;318977;MicroMacro: Crime City;-;538948;Spanish edition;Own,Wanttoplay;1;4;1,2,3;2;15;45;1.1;20;18/9/2024;-;7.4;291;14.83;
120359679;346501;Mille Fiori;-;604380;Spanish edition;Own,Wanttoplay;2;4;3,4;4;60;90;2.18;250;6/9/2024;-;7.4;698;26.34;
126300586;362484;Mimic Octopus;-;-;-;Own;4;8;4,5,6,7,8;-;30;30;1;505;7/12/2024;-;6.4;18234;0;
120347234;244992;The Mind;-;461809;Maldón Spanish edition;Own;2;4;2,3,4;4;20;20;1.07;50;19/9/2024;-;6.7;1114;4.55;
120467445;244992;The Mind;-;405051;Pandasaurus English edition;Prevowned,Wanttoplay;2;4;2,3,4;4;20;20;1.07;50;19/9/2024;-;6.7;1114;4.55;
120354464;345584;Mindbug: First Contact;-;645405;Devir Spanish edition;Own;2;2;2;2;15;25;1.93;340;13/9/2024;-;7.6;419;22.57;
121009925;345584;Mindbug: First Contact;-;590847;Spanish first edition;Prevowned,Wanttoplay;2;2;2;2;15;25;1.93;340;13/9/2024;-;7.6;419;22.57;
121918323;378758;Imperial Miners;-;691076;Spanish edition;Own,Wanttoplay;1;5;1,2,3,4,5;1,2;20;60;2.02;0;-;-;7.1;2368;15.54;
120359880;300751;Mini Express;-;590483;Spanish edition;Own,Wanttoplay;1;5;1,2,3,4,5;3,4;30;45;2.28;0;-;-;7.3;2450;34.36;
120469058;298171;Thread Count;-;574350;Fractal Spanish edition;Own,Wanttoplay;2;6;1,2,3,4,5,6;2,3;5;5;1.17;0;-;-;6.4;12244;3.94;
137730749;423401;Minos: Dawn of the Bronze Age;-;720349;Spanish edition;Own,Wanttoplay;1;4;1,2,3;2;90;150;3.7;0;-;-;7.5;1897;32.73;
120358951;200077;Mint Works;-;570382;Spanish edition;Own,Wanttoplay;1;4;1,2,3,4;3;10;20;1.73;690;19/9/2024;-;6.9;1287;6.18;
120347239;378150;Misión Antártida;-;645860;Spanish edition;Own;2;6;-;-;25;30;1;0;-;-;6.3;0;0;
120354466;246761;Cahoots;-;467908;Spanish edition;Own;1;4;1,2,3,4;2;20;20;1.1;120;18/9/2024;-;7.1;1301;7.23;
120467820;246761;Cahoots;-;467908;Spanish edition;Prevowned,Wanttoplay;1;4;1,2,3,4;2;20;20;1.1;120;18/9/2024;-;7.1;1301;7.23;
120354469;360121;Mission Control: Critical Orbit;-;605986;English edition;Own;2;4;3,4;4;15;20;2;90;6/9/2024;-;7;9822;10.4;
120347240;270443;Misty;-;590499;Spanish edition;Own;2;5;2,3,4,5;3;15;15;1.12;450;19/9/2024;-;6.1;9566;7.77;
120469021;270443;Misty;-;590499;Spanish edition;Own,Wanttoplay;2;5;2,3,4,5;3;15;15;1.12;450;19/9/2024;-;6.1;9566;7.77;
135280830;285533;Miyabi;-;465812;Dutch/French edition (Dutch packaging);Own,Wanttoplay;2;4;2,3,4;2,3;45;45;2.04;110;16/9/2025;-;7.4;1675;17.3;
131019411;364042;Moesteiro;-;666359;French edition;Own,Wanttoplay;2;4;2,3,4;3,4;30;60;2.63;0;-;-;6.8;8349;30;
135120627;429446;Moirai;-;729086;Multilingual edition;Own;2;4;2,3,4;3;20;30;1.55;0;-;-;7;8125;9.51;
135122199;429446;Moirai;-;729086;Multilingual edition;Own,Wanttoplay;2;4;2,3,4;3;20;30;1.55;0;-;-;7;8125;9.51;
120468745;317231;Monasterium;-;536261;Spanish edition;Own,Wanttoplay;2;4;2,3;3;60;120;3.23;0;-;-;7.3;2541;38.34;
128166521;198611;Mondrian: The Dice Game;-;442339;Igiari multilingual edition;Own,Wanttoplay;2;4;2,3,4;4;30;30;1.3;230;22/1/2025;-;6.3;9528;24.07;
135154566;10037;Monitos Chinos;-;-;-;Own;2;4;-;-;10;10;1;0;-;-;4.9;0;0;
135154575;10037;Monitos Chinos;-;-;-;Own;2;4;-;-;10;10;1;0;-;-;4.9;0;0;
120354480;312996;Monkeelaus: En la búsqueda del Piojo Dorado;-;514652;Spanish edition;Own;1;5;-;-;20;40;1;50;13/9/2024;-;6.4;0;0;
131195827;412911;Monkey Palace;-;724451;Dutch/French edition;Own,Wanttoplay;2;4;2,3,4;2;45;45;2;180;16/8/2025;-;7.1;1920;17.51;
120361422;344441;Monki;-;586323;Spanish edition;Own,Wanttoplay;2;2;2;2;15;15;1;0;-;-;6.4;19121;0;
120347243;323910;Monopoly Arcade: Pac-Man;-;535500;English edition;Own;2;4;2,3,4;4;90;90;1;0;-;-;6;24577;0;
120347246;327797;Monopoly Bid;-;544572;English edition;Own;2;5;2,3,4,5;4;15;20;1.36;100;6/9/2024;-;5.7;19482;1;
128535790;40398;Monopoly Deal Card Game;-;738983;Hasbro Spanish edition 2024;Own;2;5;2,3,4,5;4;15;15;1.31;110;11/2/2025;-;6.3;2670;3.43;
144182351;428535;Monopoly GO!;-;-;-;Own,Wanttoplay,Preordered;2;4;-;-;15;15;1;0;-;-;6.2;24253;0;
126265313;404983;Monopoly Knockout;-;-;-;Own;2;8;2,3,4,5,6,7,8;4;20;40;1.38;50;7/12/2024;-;6.8;7301;0;
120360168;17623;Inferno;-;583507;Spanish edition;Own,Wanttoplay;3;7;3,4,5,6,7;7;20;20;1.25;310;19/9/2024;-;6;12821;15.76;
120347248;131835;Boss Monster: The Dungeon Building Card Game;-;303053;Spanish edition;Own;2;4;2,3,4;4;30;30;1.85;160;2/10/2024;-;6.3;2760;19.11;
120347251;214293;Mountains of Madness;-;426694;Bureau de Juegos Spanish edition;Own;3;5;3,4,5;4,5;60;90;2.08;20;6/9/2024;-;6.5;2800;14.5;
120468770;214293;Mountains of Madness;-;426694;Bureau de Juegos Spanish edition;Prevowned,Wanttoplay;3;5;3,4,5;4,5;60;90;2.08;20;6/9/2024;-;6.5;2800;14.5;
120359970;4209;Monza;-;24725;Multilingual edition;Own,Wanttoplay;2;6;2,3,4,5,6;3,4;10;15;1.05;250;6/9/2024;-;6.6;2675;11.34;
133447002;4209;Monza;-;760077;Multilingual edition 2025;Own,Wanttoplay;2;6;2,3,4,5,6;3,4;10;15;1.05;250;6/9/2024;-;6.6;2675;11.34;
120354482;330403;Moon Adventure;-;577227;Multilingual edition;Own;2;5;1,2,3,4,5;-;40;40;2.24;925;19/9/2024;-;6.7;4596;17.15;
133873969;397431;Moorland;-;705870;French edition;Own,Wanttoplay;2;4;2,3,4;2;45;60;2.35;0;-;-;7.1;5495;16.32;
134251125;296063;Mortum: Medieval Detective;-;625068;Spanish edition;Own,Wanttoplay;1;6;1,2,3,4;2;120;180;2.17;0;-;-;7.2;3826;23.01;
140218795;329551;Mosaic: A Story of Civilization;-;678683;Spanish Colossus edition;Own,Wanttoplay;2;6;2,3,4,5;4;120;120;3.05;0;-;-;7.5;740;85.68;
120346894;421895;Mosquito;-;715597;Neptuno Games Spanish edition;Own;3;6;3,4,5,6;4;15;15;1;420;18/9/2024;-;7;21074;0;
130345681;421895;Mosquito;-;715597;Neptuno Games Spanish edition;Own;3;6;3,4,5,6;4;15;15;1;420;18/9/2024;-;7;21074;0;
120468965;1927;Munchkin;-;401714;Bureau de Juegos Spanish edition;Prevowned,Wanttoplay;3;6;3,4,5,6;4;60;120;1.82;130;13/9/2024;-;5.9;6453;10.81;
121234206;1927;Munchkin;-;401714;Bureau de Juegos Spanish edition;Own,Wanttoplay,Preordered;3;6;3,4,5,6;4;60;120;1.82;130;13/9/2024;-;5.9;6453;10.81;
120354495;112869;Munchkin Apocalypse;-;136145;English first edition;Own;3;6;3,4,5,6;4,5;90;90;2.09;0;-;-;6.4;4778;8.42;
120475219;41034;Munchkin Promo Cards;Y;614325;Spanish edition;Prevowned,Wanttoplay;3;6;3,4,5;-;90;90;1.71;0;-;-;6.8;0;2.32;
120475220;41034;Munchkin Promo Cards;Y;614328;Spanish edition;Prevowned,Wanttoplay;3;6;3,4,5;-;90;90;1.71;0;-;-;6.8;0;2.32;
127136800;257700;Munchkin Warhammer 40,000;-;577976;Buró Spanish edition;Own,Wanttoplay,Preordered;3;6;3,4,5,6;4;60;90;2;585;28/12/2024;-;6.4;10313;9.58;
120354500;86955;Munchkin Zombies;-;582457;English first edition, fifth printing;Own;3;6;3,4,5,6;4;90;90;1.94;0;-;-;6.2;4434;10.5;
120347256;234396;Muse;-;441362;El Dragón Azul Spanish edition;Own;2;12;4,5,6,7,8;4,6;30;30;1.11;140;13/9/2024;-;6.6;2987;7.93;
120468779;234396;Muse;-;441362;El Dragón Azul Spanish edition;Prevowned,Wanttoplay;2;12;4,5,6,7,8;4,6;30;30;1.11;140;13/9/2024;-;6.6;2987;7.93;
131414506;204505;Museum;-;479435;Spanish edition;Own,Wanttoplay;2;4;2,3,4;4;30;60;2.57;0;-;-;7.1;1656;40.07;
120361882;295486;My City;-;560584;Spanish edition;Prevowned,Wanttoplay;2;4;2,3,4;4;30;30;1.98;0;-;-;7.6;268;11.55;
120468074;351476;My City: Roll & Build;-;660994;Spanish/Portuguese edition;Own,Wanttoplay;1;6;1,2,3,4,5,6;2,3;30;30;1.48;830;13/9/2024;-;7;1766;8.19;
120358713;172381;My Village;-;292006;English edition;Own,Wanttoplay;2;4;2,3;2;60;90;3.09;0;-;-;6.9;1931;9.6;
120347262;341827;Myriorama: La Biblioteca Infinita;-;569915;Spanish Giraffe edition;Own;1;8;-;-;20;40;0;780;19/9/2024;-;6.8;0;0;
120358812;181304;Mysterium;-;536289;English edition 2018-2;Own,Wanttoplay;2;7;3,4,5,6,7;5,6;42;42;1.89;10;13/9/2024;-;7.2;448;17.37;
120358815;301767;Mysterium Park;-;546597;Spanish/Portuguese edition;Own,Wanttoplay;2;6;2,3,4,5,6;4;30;45;1.43;160;13/9/2024;-;7;1284;12.2;
140218862;915;Mystery of the Abbey;-;669063;Mojito Studios Spanish edition;Own,Wanttoplay;3;6;3,4,5,6;4,5;60;90;2.2;0;-;-;6.5;1936;27.35;
120347267;106;Mystery Rummy: Jack the Ripper;-;636667;Neptuno Spanish edition;Own;2;4;2,3,4;2;45;45;1.75;380;18/9/2024;-;6.9;1710;8.36;
140218702;308762;Mystic Vale: Essential Edition;-;577676;Spanish edition;Own,Wanttoplay;2;4;2,3,4;2;45;60;2.38;20;8/2/2026;-;7.8;0;56.61;
130280271;382676;Mytikas;-;653757;French edition;Own,Wanttoplay;2;4;2,3,4;3;30;60;2.33;0;-;-;7.4;10190;0;
144069106;422780;Mistborn: The Deckbuilding Game;-;765450;Spanish edition;Own,Wanttoplay;1;4;1,2,3,4;2;30;60;2.69;0;-;-;7.7;1058;35.35;
136522250;371932;Explorers of Navoria;-;720757;French edition;Own,Wanttoplay;2;4;2,3,4;3;40;80;2.27;0;-;-;7.5;1349;58.14;
120359062;167355;Nemesis;-;456865;Spanish edition;Own,Wanttoplay;1;5;1,2,3,4,5;4,5;90;180;3.49;260;3/9/2024;-;8.3;25;144.7;
120361203;340040;Neoville;-;586330;Spanish/Portuguese edition;Own,Wanttoplay;2;4;2,3,4;3,4;30;45;1.62;0;-;-;6.5;7559;11.33;
120347271;256838;Nessos;-;531436;Portuguese/Spanish edition;Own;3;6;3,4,5,6;4,5;20;20;1.09;340;18/9/2024;-;6.4;7031;5.24;
125224246;350992;Neuroriders;-;587235;English/Spanish edition;Own;2;4;2,3,4;2,4;20;40;2.82;90;16/11/2024;-;7.7;7273;9.58;
120734375;6978;Neutron;-;-;-;Own;2;2;2;2;10;15;2.1;660;6/9/2024;-;6;14691;0;
134251282;300877;New York Zoo;-;756252;German edition 2023;Own,Wanttoplay;1;5;1,2,3,4;3;30;60;1.97;450;16/8/2025;-;7;932;16.63;
120354519;249505;Nyctophobia;-;419775;Spanish edition;Own;3;5;3,4,5;4,5;30;45;1.82;60;6/9/2024;-;6;7303;14.19;
121918141;293014;Nidavellir;-;509636;Spanish edition;Own,Wanttoplay;2;5;2,3,4,5;3;45;45;2.12;210;6/9/2024;-;7.6;254;22.73;
120354908;306709;The Night Cage;-;502942;English edition;Own;1;5;1,2,3,4,5;4;40;60;2.14;35;13/9/2024;-;7.1;1690;29.14;
120359350;217449;NMBR 9;-;355914;English edition;Own,Wanttoplay;1;4;1,2,3,4;3,4;20;20;1.22;110;6/9/2024;-;6.8;1281;10.75;
120354508;342135;É Top!?: Variedades;-;674203;Spanish edition;Own;2;10;4,5,6,7,8,9,10;5,6,7,8;20;30;1;520;18/9/2024;-;7.4;8640;0;
120469049;342135;É Top!?: Variedades;-;674203;Spanish edition;Prevowned,Wanttoplay;2;10;4,5,6,7,8,9,10;5,6,7,8;20;30;1;520;18/9/2024;-;7.4;8640;0;
120347371;157723;We Didn't Playtest This at All with Chaos Pack Expansion;-;580890;Buró Spanish edition;Own;2;10;3,4,5,6,7,8,9;5,6;10;10;1.06;490;18/9/2024;-;5.6;0;6.8;
120469141;157723;We Didn't Playtest This at All with Chaos Pack Expansion;-;237507;Bureau de Juegos Spanish edition;Prevowned,Wanttoplay;2;10;3,4,5,6,7,8,9;5,6;10;10;1.06;490;18/9/2024;-;5.6;0;6.8;
120347385;123129;We Didn't Playtest This: Legacies;-;563947;Buró Spanish edition;Own;2;15;4,5,6,7,8,9,10;5,6;1;10;1;500;18/9/2024;-;6.1;10042;4.12;
120469139;182005;No Lo Testeamos Ni Un Poquito;Y;281444;Bureau de Juegos Spanish edition;Prevowned,Wanttoplay;2;10;8;-;5;10;0;750;18/9/2024;-;6.2;0;0;
120354511;407997;No me la Contés!;-;692219;Spanish edition;Own;5;12;-;-;15;15;0;150;18/9/2024;-;7.8;0;0;
120347404;344073;Nº Problema;-;573957;Spanish edition;Own;1;50;1,2,3,4,5,6;1;0;0;1;0;-;-;6.6;0;0;
120347416;12942;No Thanks!;-;395454;English edition 2018;Own;3;7;3,4,5,6,7;4,5;20;20;1.13;70;13/9/2024;-;7.1;554;7.12;
120359219;206931;Encore!;-;322794;German edition;Own,Wanttoplay;1;6;1,2,3,4,5,6;2;20;20;1.16;870;13/9/2024;-;6.9;1333;8.67;
120347428;276183;Nom Noms;-;450647;Spanish edition;Own;2;6;3,5,6;5,6;10;10;1;80;6/9/2024;-;5.5;0;0;
120354517;46614;Nonaga;-;-;-;Own;2;2;2;2;5;20;1.73;650;6/9/2024;-;6.8;9475;12.19;
133825349;46614;Nonaga;-;369959;English/German edition;Own;2;2;2;2;5;20;1.73;650;6/9/2024;-;6.8;9475;12.19;
120347444;194879;Not Alone;-;340072;Spanish second edition;Own;2;7;3,4,5,6,7;4,5;30;45;2;20;13/9/2024;-;7;971;20.06;
124426799;213984;Notre Dame: 10th Anniversary;-;373297;Spanish edition;Own,Wanttoplay;2;5;2,3,4,5;3;45;75;2.52;0;-;-;7.5;0;16.31;
135120570;429114;Nova Era;-;759888;Spanish edition;Own,Wanttoplay;2;4;2,3,4;-;60;90;2.74;0;-;-;6.8;5136;20.69;
120360375;284435;Nova Luna;-;478725;Spanish edition;Own,Wanttoplay;1;4;1,2,3,4;2;30;60;1.88;180;6/9/2024;-;7.3;628;15.26;
128845907;376472;Noobs in Space;-;724318;Spanish edition;Own,Wanttoplay;3;5;3,4,5;4;15;15;1.67;380;19/2/2025;-;7.1;3554;5.57;
129561363;396790;Nucleum;-;680122;Spanish edition;Own,Wanttoplay;1;4;1,2,3,4;3;60;150;4.19;260;19/8/2025;-;8.1;141;38.53;
131392357;386279;Numeroso;-;657776;English edition;Own;1;6;-;-;20;40;0;0;-;-;0;0;0;
130139549;383158;Nunatak: Temple of Ice;-;-;-;Own,Wanttoplay;2;4;2,3,4;3;30;45;2.04;390;19/8/2025;-;7.3;2898;20.13;
125752046;234277;Nusfjord;-;478797;Spanish edition;Own,Wanttoplay;1;5;1,2,3,4,5;1,3;20;100;2.85;0;-;-;7.6;384;35.84;
128071658;273477;Obscurio;-;475157;Spanish edition;Own;2;8;4,5,6,7,8;5,6,7,8;40;40;1.91;25;22/1/2025;-;7.1;1313;14.07;
137730711;231733;Obsession;-;631719;Spanish edition;Own,Wanttoplay;1;4;1,2,3,4;2;30;90;3.11;0;-;-;8.1;66;91.36;
120354533;367220;Sea Salt & Paper;-;691432;Buró Spanish edition;Own;2;4;2,3,4;2;30;45;1.48;440;19/9/2024;-;7.5;257;9.11;
120361908;367220;Sea Salt & Paper;-;652668;Tranjis Spanish edition;Prevowned,Wanttoplay;2;4;2,3,4;2;30;45;1.48;440;19/9/2024;-;7.5;257;9.11;
135155091;367220;Sea Salt & Paper;-;691432;Buró Spanish edition;Own;2;4;2,3,4;2;30;45;1.48;440;19/9/2024;-;7.5;257;9.11;
120360920;232414;Oceans;-;458076;Spanish deluxe edition;Own,Wanttoplay;2;4;2,3,4;3;60;90;2.85;0;-;-;7.4;633;32.36;
133241594;406854;Odin;-;761121;Buró Spanish edition;Own;2;6;2,3,4,5,6;4;15;15;1.24;515;1/7/2025;-;6.8;1934;9.3;
133241598;406854;Odin;-;761121;Buró Spanish edition;Prevowned,Wanttoplay;2;6;2,3,4,5,6;4;15;15;1.24;515;1/7/2025;-;6.8;1934;9.3;
135155102;406854;Odin;-;761121;Buró Spanish edition;Own;2;6;2,3,4,5,6;4;15;15;1.24;515;1/7/2025;-;6.8;1934;9.3;
120361382;192074;Odin's Ravens (Second Edition);-;297959;English edition, first printing;Own,Wanttoplay;2;2;2;2;15;30;1.24;230;19/10/2024;-;7;1433;12.03;
120347488;183840;Oh My Goods!;-;320888;English second edition;Own;2;4;2,3,4;2;30;30;2.3;10;19/9/2024;-;7;838;13.72;
124426819;183840;Oh My Goods!;-;481044;Spanish second edition;Own,Wanttoplay;2;4;2,3,4;2;30;30;2.3;10;19/9/2024;-;7;838;13.72;
141741233;357873;The Old King's Crown;-;702096;Spanish edition;Own,Wanttoplay;1;4;1,2,3,4;3;60;120;3.67;0;-;-;8.1;822;185.95;
120354535;385766;Olimpíadas de Palabras;-;657047;Spanish edition;Own;1;8;-;-;15;15;0;945;16/11/2024;-;7.3;0;0;
138410310;293835;Oltréé;-;588322;Spanish edition;Own,Wanttoplay;2;4;1,2,3,4;-;60;60;2.25;0;-;-;7.5;1465;31.44;
120347492;277901;Olvir;-;453573;Spanish first edition;Own;2;4;2,3,4;4;40;90;2.33;70;13/9/2024;-;7.7;11209;0;
120353650;378395;One Card: Cereal Killer;-;670968;Spanish Wallet edition;Own;2;2;2;2;10;15;3;182;18/9/2024;-;7.7;10455;0;
120469075;378395;One Card: Cereal Killer;-;670968;Spanish Wallet edition;Prevowned,Wanttoplay;2;2;2;2;10;15;3;182;18/9/2024;-;7.7;10455;0;
128643892;378395;One Card: Cereal Killer;-;670968;Spanish Wallet edition;Own;2;2;2;2;10;15;3;182;18/9/2024;-;7.7;10455;0;
135120394;329173;One Piece: Adventure Island;-;-;-;Own;2;8;-;-;30;45;2.5;0;-;-;4.3;29319;0;
135120414;426482;One Piece Nakama: Friends & Enemies;-;751413;Spanish edition;Own;1;5;1,2,3,4;1,3;20;45;1.7;240;17/9/2025;-;7.3;8329;0;
120347499;160762;Oni;-;261050;OK Ediciones/Culturarte English/Spanish edition;Own;3;6;3,4,5,6;5,6;30;30;1.63;140;18/9/2024;-;6.1;18094;19.49;
133878820;156336;Onirim (Second Edition);-;645416;Devir Spanish edition;Own,Wanttoplay;1;2;1,2;1;15;15;1.61;36;19/9/2025;-;7;855;14.63;
120359310;160477;Onitama;-;269392;English edition;Own,Wanttoplay;2;2;2;2;15;20;1.66;10;6/9/2024;-;7.3;356;16.01;
120347502;288828;Opale;-;563921;Spanish edition;Own;2;2;2;2;20;20;1.5;315;6/9/2024;-;6.9;7109;19.2;
120361332;288828;Opale;-;563921;Spanish edition;Own,Wanttoplay;2;2;2;2;20;20;1.5;315;6/9/2024;-;6.9;7109;19.2;
120347505;369473;Operación Signo;-;629159;Spanish first edition;Own;2;8;-;-;15;15;1;30;13/9/2024;-;6.6;21729;0;
120475214;369473;Operación Signo;-;629159;Spanish first edition;Prevowned,Wanttoplay;2;8;-;-;15;15;1;30;13/9/2024;-;6.6;21729;0;
133697499;369473;Operación Signo;-;733697;Spanish second edition;Own;2;8;-;-;15;15;1;30;13/9/2024;-;6.6;21729;0;
141671520;3737;Operation;-;67339;Milton Bradley edition 2005;Own;1;6;2,3,4,5;3;10;10;1.11;0;-;-;4.2;30574;7.64;
120347520;244522;That's Pretty Clever!;-;467170;Catalan/Italian/Portuguese/Spanish first edition;Own,Prevowned;1;4;1,2,3,4;2;30;30;1.85;430;13/9/2024;-;7.6;205;6.58;
125420451;244522;That's Pretty Clever!;-;467170;Catalan/Italian/Portuguese/Spanish first edition;Own,Wanttoplay;1;4;1,2,3,4;2;30;30;1.85;430;13/9/2024;-;7.6;205;6.58;
123129899;70149;Ora et Labora;-;637011;Lookout Spanish edition;Own,Wanttoplay;1;4;1,2,3,4;3;60;180;3.89;0;-;-;7.7;244;26.74;
133447118;424152;Orapa Mine;-;747513;English/Korean second edition;Own;2;5;2;2;20;30;1.92;135;1/7/2025;-;7.4;1938;21.48;
135834703;448740;Orapa Space;-;762884;Multilingual first edition;Own;2;5;2;2;20;25;1.9;140;17/9/2025;-;7.9;4514;37.5;
127914672;245487;Orchard: 9 card solitaire game;-;481481;English second edition;Own,Wanttoplay;1;1;1;1;5;10;1.19;0;-;-;7.2;1135;13.18;
122523435;355888;Orichalcum;-;597893;French edition;Own,Wanttoplay;2;4;1,2,3,4;3;45;60;2.24;350;11/10/2024;-;7.1;1915;13.46;
120347569;287084;Oriflamme;-;582923;Buró Portuguese edition;Own;3;5;3,4,5;4;15;30;1.69;35;13/9/2024;-;7.1;1200;13.94;
120347596;164928;Orléans;-;375499;Spanish edition;Own;2;5;2,3,4;4;90;90;3.01;0;-;-;8;36;55.05;
140270303;420068;Orléans: Big Box;-;-;-;Own,Wanttoplay;1;5;1,2,3,4,5;-;90;90;3;0;-;-;9;0;218.99;
140533427;460998;Otra Vuelta;-;784818;Spanish edtion;Own;3;5;-;-;20;25;0;380;31/1/2026;-;0;0;0;
120347603;352710;Ouch!;-;590954;Multilingual edition;Own;2;5;2,3,4,5;3,4;10;15;1.05;220;19/9/2024;-;6.1;8129;8.69;
120361534;352710;Ouch!;-;590954;Multilingual edition;Own,Wanttoplay;2;5;2,3,4,5;3,4;10;15;1.05;220;19/9/2024;-;6.1;8129;8.69;
124837475;424374;Out of Sock;-;720004;English/French edition;Own;2;4;-;-;15;15;0;775;28/10/2024;-;5.8;0;0;
140522957;426229;Overparked;-;762409;Spanish edition;Own,Wanttoplay;1;5;3,4,5;-;20;30;1.8;0;-;-;7.4;6795;46.67;
126709345;379153;Pacifica;-;724817;Spanish edition;Own,Wanttoplay;2;2;2;2;30;30;1.71;220;16/9/2025;-;6.5;8719;13.81;
120973842;367379;Deal with the Devil;-;670636;Spanish edition;Own;4;4;4;4;120;150;3.7;0;-;-;7.1;2930;12.22;
122900926;319910;Pagan: Fate of Roanoke;-;628163;Spanish edition;Own,Wanttoplay;2;2;2;2;30;60;3.03;0;-;-;7.9;451;50.35;
120354539;365874;Pajaritos: Tejiendo Nidos;-;621622;Spanish edition;Own;1;4;-;-;15;15;0;390;13/9/2024;-;7.3;0;0;
123063383;1515;Palabras 3D;-;-;-;Own;2;4;2,3,4;2;90;90;1.67;25;18/9/2024;-;5.8;8079;7.16;
137729370;387219;Trash Talk;-;-;-;Own;2;8;2,3,4,5,6;4,5,6;20;45;1.33;175;31/1/2026;-;6.7;8504;9.02;
137730206;387219;Trash Talk;-;-;-;Own,Wanttoplay;2;8;2,3,4,5,6;4,5,6;20;45;1.33;175;31/1/2026;-;6.7;8504;9.02;
136390851;144305;No Words;-;-;-;Own;2;6;3;-;15;15;2;0;-;-;5.8;0;0;
120347606;341816;Palabrerío;-;569899;Spanish edition;Own;2;8;-;-;20;40;0;970;19/9/2024;-;6.8;0;0;
120359946;266810;Paladins of the West Kingdom;-;444739;Spanish edition;Own,Wanttoplay;1;4;1,2,3;2;90;120;3.71;490;16/9/2025;-;8;80;35.74;
120347611;300531;Paleo;-;544985;Spanish edition;Own;2;4;1,2,3,4;2,3;45;60;2.66;110;6/9/2024;-;7.6;234;22.39;
120360931;300531;Paleo;-;544985;Spanish edition;Own,Wanttoplay;2;4;1,2,3,4;2,3;45;60;2.66;110;6/9/2024;-;7.6;234;22.39;
125897472;303057;Pan Am;-;641825;Spanish edition;Own,Wanttoplay;2;4;2,3,4;3,4;60;60;2.4;530;16/9/2025;-;7.5;454;13.54;
138610791;398996;Panda Royale;-;763789;Spanish edition;Own;2;10;3,4,5,6,7,8,9,10;5,6,7;20;30;1.18;0;-;-;7.4;2762;35.37;
138610806;398996;Panda Royale;-;763789;Spanish edition;Own,Wanttoplay;2;10;3,4,5,6,7,8,9,10;5,6,7;20;30;1.18;0;-;-;7.4;2762;35.37;
120347638;30549;Pandemic;-;389581;English edition 2015;Own;2;4;1,2,3,4;4;45;45;2.39;20;6/9/2024;-;7.5;171;15.54;
120361088;30549;Pandemic;-;450933;Spanish edition 2018;Own,Wanttoplay;2;4;1,2,3,4;4;45;45;2.39;20;6/9/2024;-;7.5;171;15.54;
121234354;301919;Pandemic: Hot Zone – North America;-;518941;Spanish edition;Own,Wanttoplay,Preordered;2;4;1,2,3,4;2;30;30;1.86;320;13/9/2024;-;7;2109;6.49;
120347701;121073;Panic Lab;-;556198;Maldón Spanish edition;Own;2;10;2,3,4,5,6,7,8,9;4,5;10;30;1.29;220;18/9/2024;-;6;5747;5.77;
125650497;432506;Papatada;-;734238;Spanish edition;Own;3;10;-;-;10;10;0;105;6/12/2024;-;8;0;0;
120787806;73365;Papayoo;-;197108;Multilingual second edition;Own,Wanttoplay,Preordered;3;8;4,5,6,7,8;4,5;30;30;1.06;0;-;-;6.1;7463;13.43;
123140364;291962;Paper Dungeons: A Dungeon Scrawler Game;-;570351;Spanish edition;Own,Wanttoplay;1;8;1,2,3,4,5,6;3;30;30;2.12;0;-;-;7.1;1514;17.82;
137464903;209688;Papertown;-;649492;Spanish edition;Own;1;4;2,3,4;2;15;30;1.8;610;16/9/2025;-;6.8;15105;0;
137514893;209688;Papertown;-;649492;Spanish edition;Own,Wanttoplay;1;4;2,3,4;2;15;30;1.8;610;16/9/2025;-;6.8;15105;0;
120347708;241066;Papillon;-;567452;Spanish edition;Own;2;4;3,4;3,4;30;45;2.05;0;-;-;6.6;5905;29.32;
120354554;7981;Paradux;-;-;-;Own;2;2;2;2;20;20;2.25;0;-;-;6.3;22183;21.91;
131476306;282954;Paris;-;723279;English/French edition;Own,Wanttoplay;2;4;2,3,4;4;90;90;2.76;360;16/8/2025;-;7.2;1412;35.9;
120467371;276498;Paris: La Cité de la Lumière;-;451245;Spanish edition;Own,Wanttoplay;2;2;2;2;30;30;2.03;40;27/11/2024;-;7.2;927;12.34;
125229963;284429;Paris: New Eden;-;464152;Dutch/English/French edition;Own,Wanttoplay;2;4;2,3,4;4;45;45;2.19;0;-;-;6.8;4530;15.63;
142112574;457798;Park Royale;-;779490;French/Spanish edition;Own;2;6;-;-;30;45;0;0;-;-;7.7;0;0;
142112602;457798;Park Royale;-;779490;French/Spanish edition;Own;2;6;-;-;30;45;0;0;-;-;7.7;0;0;
120360192;266524;PARKS;-;591990;Spanish edition;Own,Wanttoplay;1;5;1,2,3,4;3;30;60;2.12;270;6/9/2024;-;7.6;176;37.3;
120354557;389138;Pasantes;-;662405;Spanish edition;Own;3;8;-;-;30;30;1;430;18/9/2024;-;6.4;0;0;
130345660;389138;Pasantes;-;662405;Spanish edition;Own;3;8;-;-;30;30;1;430;18/9/2024;-;6.4;0;0;
120347723;34974;Pasapalabra;-;-;-;Own;3;6;2;2;0;0;1.33;250;13/9/2024;-;5.1;28148;0;
120354563;401877;Pasaron Cosas;-;681838;Spanish edition;Own;3;6;4,5;5;60;90;2;80;13/9/2024;-;8.1;0;0;
120347729;356825;Paso del Brahmán;-;599864;Spanish edition;Own;2;2;2;2;10;20;2;110;13/9/2024;-;7.9;11799;0;
120347732;338511;PatagoMar;-;563594;Spanish edition;Own;2;4;-;-;20;30;0;100;18/9/2024;-;6.6;0;0;
120347738;369978;PatagoSaurios;-;630327;Spanish edition;Own;2;6;-;-;15;20;0;0;-;-;7;0;0;
120360296;163412;Patchwork;-;447776;English third edition;Own,Wanttoplay;2;2;2;2;15;30;1.6;20;6/9/2024;-;7.6;146;11.2;
141500356;458944;Patitos en Fila;-;781585;Spanish edition;Own;1;4;-;-;20;20;0;0;-;-;9;0;0;
130137705;10799;Pato Ñato;-;-;-;Own;2;6;3,4,5,6;4;5;5;1.04;50;8/3/2025;-;3.8;30571;0;
125224256;267010;Pátzcuaro;-;434802;Spanish edition;Own;2;4;2,3,4;-;20;45;1.5;100;16/11/2024;-;7.3;8846;12.79;
120360285;369388;Penguin Airlines;-;629000;English/Spanish edition;Own,Wanttoplay;2;8;2,4,6,8;4,6,8;15;30;1.3;370;13/9/2024;-;6.9;5564;18.62;
135566954;225981;Penguin Trap;-;353293;English edition;Own;2;4;2,3,4;2;5;10;1;60;19/8/2025;-;5.9;12375;0;
135566960;225981;Penguin Trap;-;353293;English edition;Own,Wanttoplay;2;4;2,3,4;2;5;10;1;60;19/8/2025;-;5.9;12375;0;
138689663;19841;Pentago;-;189526;Mindtwister edition 2012;Own;2;2;2;2;5;5;1.83;0;-;-;6.4;3106;7.88;
120347741;344629;Pepinillo;-;609787;RunDOS Spanish edition;Own;2;30;4,5,6,7,8,9,10,11;5,6,7,8,9,10,11;15;15;1;190;18/9/2024;-;6.8;12750;0;
120347751;163967;Tiny Epic Galaxies;-;290966;Spanish first edition;Own;1;5;1,2,3,4;3;30;45;2.15;270;13/9/2024;-;7.3;393;11.21;
120361903;163967;Tiny Epic Galaxies;-;290966;Spanish first edition;Prevowned,Wanttoplay;1;5;1,2,3,4;3;30;45;2.15;270;13/9/2024;-;7.3;393;11.21;
120360440;331787;Tiny Epic Dungeons;-;616983;Spanish edition;Own,Wanttoplay;1;4;1,2,3,4;1,2;30;60;3.11;810;13/9/2024;-;7.4;845;25.18;
136389357;404893;Tiny Epic Cthulhu;-;767759;Spanish edition;Own;1;4;1,2,3,4;1;30;45;2.86;0;-;-;6.9;5711;22.91;
136389363;404893;Tiny Epic Cthulhu;-;767759;Spanish edition;Own,Wanttoplay;1;4;1,2,3,4;1;30;45;2.86;0;-;-;6.9;5711;22.91;
130139568;374039;Tiny Epic Crimes;-;730945;Spanish edition;Own,Wanttoplay;1;4;1,2,3,4;3;30;60;2.62;790;17/9/2025;-;6.8;5561;28.53;
120347757;291508;Tiny Epic Dinosaurs;-;616981;Spanish edition;Own;1;4;1,2,3,4;3;30;60;2.65;770;13/9/2024;-;7.3;1075;14.34;
120467469;291508;Tiny Epic Dinosaurs;-;616981;Spanish edition;Prevowned,Wanttoplay;1;4;1,2,3,4;3;30;60;2.65;770;13/9/2024;-;7.3;1075;14.34;
120347760;257283;Tiny Epic Mechs;-;516007;Spanish edition;Own;1;4;1,2,3,4;3,4;30;60;2.57;800;18/9/2024;-;6.7;2789;11.6;
120468744;257283;Tiny Epic Mechs;-;516007;Spanish edition;Prevowned,Wanttoplay;1;4;1,2,3,4;3,4;30;60;2.57;800;18/9/2024;-;6.7;2789;11.6;
120347766;309430;Tiny Epic Pirates;-;616982;Spanish edition;Own;1;4;1,2,3,4;3;30;60;2.88;750;13/9/2024;-;7;2082;15.81;
120468079;309430;Tiny Epic Pirates;-;616982;Spanish edition;Prevowned,Wanttoplay;1;4;1,2,3,4;3;30;60;2.88;750;13/9/2024;-;7;2082;15.81;
120360410;360896;Tiny Epic Vikings;-;675680;Spanish edition;Own,Wanttoplay;1;4;1,2,3,4;3;45;60;2.77;760;13/9/2024;-;7.3;2693;18.89;
130139562;244536;Tiny Epic Zombies;-;430880;Spanish edition;Own,Wanttoplay;1;5;1,2,3,4,5;3;30;45;2.5;780;17/9/2025;-;6.9;1391;11.92;
125897434;393352;Perfect Words;-;700339;Spanish edition;Own,Wanttoplay;2;6;2,3,4,5,6;3;15;30;1.53;0;-;-;7;4349;0;
141359523;400995;Perspectives;-;680400;Spanish edition;Own;2;6;2,3,4;3,4;60;90;1.81;170;9/2/2026;-;7.7;2116;15.75;
141359525;427087;Perspectives Blue;-;728918;Spanish edition;Own;2;6;2,3,4;3,4;90;90;1.5;0;-;-;7.6;5413;16.95;
120347769;117992;Shrimp;-;528541;Spanish edition;Own;2;6;2,3,4,5,6;4,5;15;15;1;40;13/9/2024;-;5.9;16318;13.52;
130810861;117992;Shrimp;-;528541;Spanish edition;Own;2;6;2,3,4,5,6;4,5;15;15;1;40;13/9/2024;-;5.9;16318;13.52;
133447064;309728;Pessoa;-;571163;French edition;Own,Wanttoplay;1;4;1,2,3,4;4;45;75;2.71;0;-;-;7.2;5217;22.71;
120354588;33673;Petrodólar;-;110852;Spanish edition;Own;2;4;3,4;4;120;120;2;0;-;-;5.9;0;15.69;
120354578;348051;Pez;-;625080;Spanish second edition;Own;2;9;-;-;25;25;1;370;19/9/2024;-;6.1;0;0;
133878167;282414;Pharaon;-;661609;Spanish edition;Own,Wanttoplay;1;5;1,2,3,4,5;1,3;30;75;2.74;0;-;-;7.4;1821;43.14;
124667719;419704;Phoenix New Horizon;-;711430;English/Spanish edition;Own,Wanttoplay;1;4;1,2,3,4;2,3;60;120;3.21;0;-;-;7.8;2051;58.57;
120358600;218603;Photosynthesis;-;425145;English/French edition;Own,Wanttoplay;2;4;2,3,4;3;30;60;2.27;20;13/9/2024;-;6.9;811;12.4;
120354580;395451;Pica Pica;-;672419;Spanish edition;Own;1;6;-;-;20;20;1.5;130;19/9/2024;-;7.1;0;0;
120360443;318328;Picnic;-;524527;Spanish edition;Own,Wanttoplay;1;9;1,2,3,4,5,6,7,8,9;3,4;15;15;1.13;180;13/9/2024;-;6.9;6406;0;
120347775;76065;Pictionary Card Game;-;463260;Spanish edition;Own;4;8;2,3,4,5,6,7,8;4;20;20;1.14;70;6/9/2024;-;5.4;28130;2.49;
133697508;379619;Picto Palabras;-;761988;Spanish second edition;Own;2;8;-;-;20;30;0;0;-;-;7.3;0;0;
120347780;252526;Pictomania (Second Edition);-;451698;Spanish edition;Own;3;6;3,4,5,6;5,6;20;40;1.44;240;13/9/2024;-;7.6;1091;8.81;
120467728;252526;Pictomania (Second Edition);-;451698;Spanish edition;Prevowned,Wanttoplay;3;6;3,4,5,6;5,6;20;40;1.44;240;13/9/2024;-;7.6;1091;8.81;
120354574;22889;Pictureka!;-;389894;Spanish edition;Own;2;7;2,3,4,5,6,7;4,5;30;30;1.1;170;13/9/2024;-;5.5;29823;6.86;
133019566;284108;Pictures;-;551290;Dutch/French edition;Own,Wanttoplay;3;5;3,4,5;5;20;30;1.03;75;4/7/2025;-;7.2;1139;25.9;
136463981;241012;Word Mines;-;-;-;Own;4;99;-;-;0;0;1;0;-;-;7.1;0;0;
136463997;241012;Word Mines;-;-;-;Own;4;99;-;-;0;0;1;0;-;-;7.1;0;0;
120361455;246200;Piepmatz: Little Songbirds;-;453936;English/German Easter edition;Own,Wanttoplay;2;4;2,3,4;3;20;40;2.1;0;-;-;7;1925;11.08;
142112575;430631;Pigeon Punch;-;731111;Spanish Edition;Own;2;6;-;-;15;45;1;0;-;-;7.2;0;0;
142112619;430631;Pigeon Punch;-;731111;Spanish Edition;Own;2;6;-;-;15;45;1;0;-;-;7.2;0;0;
126711232;403258;Pikit;-;714823;Spanish edition;Own,Wanttoplay;2;4;2,3,4;2;20;20;1.23;120;25/11/2024;-;6.7;6929;5.71;
120354581;381836;Pim Pam Pum;-;652234;Spanish first edition;Own;2;5;2,3,4,5;2,3;15;15;1;170;13/9/2024;-;6.1;22162;0;
130810843;381836;Pim Pam Pum;-;652234;Spanish first edition;Own;2;5;2,3,4,5;2,3;15;15;1;170;13/9/2024;-;6.1;22162;0;
133241368;415054;Piña Coladice;-;702933;French edition;Own,Wanttoplay;2;4;2,3,4;3;10;20;1.04;230;20/8/2025;-;6.8;3025;12.89;
135835453;415054;Piña Coladice;-;771250;Universo de Juegos Spanish edition;Own;2;4;2,3,4;3;10;20;1.04;230;20/8/2025;-;6.8;3025;12.89;
140465644;456257;Pintó;-;776724;Spanish edition;Own;4;8;5,6,7,8;6,7;20;20;1;230;17/12/2025;-;8.9;11822;0;
139133506;361788;First in Flight;-;720348;Spanish edition;Own,Wanttoplay;1;4;1,2,3,4;3;45;75;2.31;0;-;-;7.4;1912;28.91;
120347788;221644;Pyramid of the Sun;-;421863;Bureau de Juegos Spanish edition;Own;2;5;2,3,4;-;10;30;1.5;455;18/9/2024;-;5.3;29194;4.76;
133663165;329484;Pyramido;-;666530;Spanish edition;Own,Wanttoplay,Preordered;2;4;2,3,4;2;45;45;1.77;230;23/11/2024;-;7;3752;13.08;
124427410;397385;Pirates of Maracaibo;-;690346;Spanish first edition;Own,Wanttoplay;1;4;1,2,3,4;3;40;100;2.89;0;-;-;7.9;424;36.68;
120347791;300753;Cross Clues;-;550042;Fractal Spanish edition;Own;2;6;2,3,4,5,6;4;5;10;1.09;265;13/9/2024;-;7.2;1109;7.73;
120474602;300753;Cross Clues;-;602777;Buró Spanish edition;Own,Wanttoplay;2;6;2,3,4,5,6;4;5;10;1.09;265;13/9/2024;-;7.2;1109;7.73;
120358831;150;PitchCar;-;329797;Ferti multilingual edition 2016;Own,Wanttoplay;2;8;2,3,4,5,6,7,8;5,6;30;30;1.12;20;3/9/2024;-;7.3;526;80.06;
126711236;411875;Pixies;-;-;-;Own,Wanttoplay;2;5;2,3,4;2;30;30;1.23;620;11/1/2025;-;7.1;1304;10.83;
130137771;180385;Pizza Delivery;-;-;-;Own;2;6;-;-;0;0;0;60;8/3/2025;-;0;0;0;
120347798;207290;Mission Impractical;-;602179;Spanish edition;Own;3;5;3,4,5;4;30;30;1.5;60;13/9/2024;-;6.7;13770;21.61;
120468888;367351;Planet B;-;650878;Spanish edition;Own,Wanttoplay;2;4;2,3,4;3;60;180;3.19;0;-;-;7.2;3827;29.6;
120359746;252929;Planet;-;445972;Spanish edition;Own,Wanttoplay;2;4;2,3,4;4;30;45;1.58;10;13/9/2024;-;6.6;1895;9.87;
120359749;258779;Planet Unknown;-;570461;Spanish deluxe edition;Own,Wanttoplay;1;6;1,2,3,4,5,6;4;60;80;2.25;10;6/9/2024;-;7.8;168;71.65;
130210083;388339;Planta Nubo;-;705906;Spanish edition;Own,Wanttoplay;1;4;1,2,3;2;30;120;3.92;0;-;-;7.2;3026;34.73;
120359216;285894;Bravo!;-;529369;Catalan/Italian/Portuguese/Spanish edition;Own,Wanttoplay;1;6;1,2,3,4,5,6;2;20;20;1.84;880;13/9/2024;-;7.2;2201;14.44;
120359680;244521;Quacks;-;550041;Spanish second edition;Own,Wanttoplay;2;4;2,3,4;4;45;45;1.94;220;6/9/2024;-;7.8;78;42.63;
137656580;354730;Potion House;-;-;-;Own;2;5;-;-;20;25;0;0;-;-;6.2;0;0;
120358870;275589;Pocket Detective;-;531444;Spanish edition;Own,Wanttoplay;1;6;1,2,3,4;2;45;60;1.46;550;18/9/2024;-;6.6;5659;6.26;
120358874;314395;Pocket Detective №2;-;531446;Spanish edition;Own,Wanttoplay;1;6;1,2,3,4;2,3;45;60;1.31;0;-;-;6.7;7955;9.13;
120358877;322148;Pocket Detective: Die Bombe tickt;-;534495;Spanish edition;Own,Wanttoplay;1;6;1,2,3;3;45;60;1.36;0;-;-;6.2;13328;0;
126373361;140621;Pocket Tactics;-;-;-;Own;2;2;-;-;30;45;2;10;15/12/2024;-;6.9;0;0;
135517775;1219;Labyrinth;-;571233;Multilingual edition;Own,Wanttoplay;2;4;2,3,4;4;20;20;1.34;40;17/9/2025;-;6.4;2098;5.28;
140801791;410774;Polaris;-;753491;Spanish edition;Own;2;4;2;-;30;50;2.57;0;-;-;7;10790;33.79;
125144923;105593;Cheating Moth;-;201978;Iberian edition;Own,Wanttoplay;3;5;3,4,5;5;30;30;1.16;310;16/11/2024;-;6.4;2648;5.78;
120361191;303551;Polis;-;497534;English/Spanish edition;Own,Wanttoplay;2;2;2;2;60;120;3.81;0;-;-;8.1;2019;29.47;
136390973;14257;Simon Says;-;-;-;Own;2;6;-;-;30;30;0;0;-;-;3.8;0;0;
129359372;180899;Ponzi Scheme;-;389635;Spanish/French edition;Own,Wanttoplay;3;5;3,4,5;4;60;90;2.43;0;-;-;7.1;1409;31.89;
127514289;331265;Port Royal: Big Box;-;606257;Spanish edition;Own,Wanttoplay;1;5;1,2,3,4,5;3,4;20;50;1.75;55;6/9/2024;-;7.5;0;16.39;
120360275;180974;Potion Explosion;-;647342;English edition 2022;Own,Wanttoplay;2;4;2,3,4;3;30;45;1.78;170;6/9/2024;-;7.1;595;22.11;
144599265;333553;For the King (and Me);-;567201;French edition;Own,Wanttoplay;2;5;2,3,4,5;4;30;30;1.42;0;-;-;6.9;3862;10.35;
138084300;411404;Power Hungry Pets;-;747279;Spanish edition;Own,Wanttoplay;2;6;3,4,5,6;-;15;15;1.15;150;31/1/2026;-;6.9;4745;7.5;
138532841;411404;Power Hungry Pets;-;747279;Spanish edition;Own;2;6;3,4,5,6;-;15;15;1.15;150;31/1/2026;-;6.9;4745;7.5;
120347804;308765;Praga Caput Regni;-;536258;Spanish edition;Own;1;4;1,2,3,4;3;45;150;3.73;40;13/9/2024;-;7.8;191;22.1;
120361955;308765;Praga Caput Regni;-;536258;Spanish edition;Prevowned,Wanttoplay;1;4;1,2,3,4;3;45;150;3.73;40;13/9/2024;-;7.8;191;22.1;
130311153;234260;Prey Another Day;-;711509;French edition;Own,Wanttoplay;2;5;3,4,5;4,5;15;20;1.1;200;17/9/2025;-;6.8;2193;7.87;
145035350;461487;Primera y Última;-;785618;Spanish edition;Own;3;10;-;-;5;10;0;0;-;-;7.5;0;0;
120359281;260180;Project L;-;631996;Spanish/Italian/Portuguese edition;Own,Wanttoplay;1;4;1,2,3,4;2,3;20;40;1.56;290;6/9/2024;-;7.4;377;25.4;
120467231;353545;Próxima Estacion: Londres;-;674201;Buró Spanish edition;Own;1;4;1,2,3,4;2,4;25;30;1.48;270;13/9/2024;-;7.4;581;9.26;
120508824;353545;Próxima Estacion: Londres;-;674201;Buró Spanish edition;Prevowned,Wanttoplay;1;4;1,2,3,4;2,4;25;30;1.48;270;13/9/2024;-;7.4;581;9.26;
137730733;419199;Reef Project;-;714072;Spanish edition;Own,Wanttoplay;1;4;1,2,3,4;3;45;90;2.95;0;-;-;7.5;3246;24.99;
124427432;3228;Pueblo;-;647581;Mojito Studios Spanish edition;Own,Wanttoplay;2;4;2,3,4;3,4;60;60;2.23;120;31/1/2025;-;7;1642;25.96;
136527760;403123;Puerto Banana;-;-;-;Own;2;6;3,4,5,6;-;15;15;1.2;195;19/9/2025;-;6.8;6202;17.6;
137017190;403123;Puerto Banana;-;-;-;Own,Wanttoplay;2;6;3,4,5,6;-;15;15;1.2;195;19/9/2025;-;6.8;6202;17.6;
120360139;3076;Puerto Rico;-;393133;Spanish third edition;Own,Wanttoplay;3;5;2,3,4,5;4;90;150;3.27;80;6/9/2024;-;7.9;57;15.45;
120347811;228341;Pulsar 2849;-;414865;Spanish edition;Own;2;4;2,3,4;4;60;90;3.34;0;-;-;7.6;308;24.87;
121009592;228341;Pulsar 2849;-;414865;Spanish edition;Prevowned,Wanttoplay;2;4;2,3,4;4;60;90;3.34;0;-;-;7.6;308;24.87;
140462122;276837;Dash and Cache;-;-;-;Own;2;10;3,4,5,6,7;5;15;45;2;0;-;-;8;0;0;
128166510;259069;Punto;-;486454;French-only edition;Own,Wanttoplay;2;4;2,3,4;4;20;20;1.08;210;22/1/2025;-;6.6;4813;4.15;
121918231;329484;Pyramido;-;548002;English/French edition;Own,Wanttoplay;2;4;2,3,4;2;45;45;1.77;230;23/11/2024;-;7;3752;13.08;
129319257;266830;QE;-;664251;Spanish edition;Own,Wanttoplay;3;5;3,4,5;5;45;45;1.56;250;19/2/2025;-;7.3;615;21.53;
120360551;176396;Quadropolis;-;271528;English edition;Own,Wanttoplay;2;4;2,3,4;4;30;60;2.2;130;13/9/2024;-;7.2;583;15.4;
120354613;681;Quarto;-;614747;Gigamic ENG/FRE/DUT/SPA edition 2019;Own;2;2;2;2;20;20;1.87;30;6/9/2024;-;6.9;1172;8.28;
136579879;40960;Wolkenbilder;-;-;-;Own;2;4;-;-;30;30;0;60;19/9/2025;-;6.7;0;0;
136390873;188577;What is this?;-;-;-;Own;2;10;-;-;0;0;1;0;-;-;4;0;4.14;
135154787;283363;Qué Pasó Primero?;-;-;-;Own;2;8;3,4,5,6,7,8;3,6,8;20;20;1;100;24/8/2025;-;5.8;23886;11.16;
135154793;283363;Qué Pasó Primero?;-;-;-;Own;2;8;3,4,5,6,7,8;3,6,8;20;20;1;100;24/8/2025;-;5.8;23886;11.16;
125500513;316287;Quest;-;709086;Spanish edition;Own;4;10;4,5,6,7,8,9,10;6,8;30;30;1.89;50;23/11/2024;-;7.3;2455;15.73;
130996385;419421;Slingz;-;764754;Buró Spanish edition;Own;2;7;2,3,4,5,6,7;4,5;15;15;1;190;1/7/2025;-;6.5;7164;10;
133948616;419421;Slingz;-;722325;Spanish edition;Own,Wanttoplay;2;7;2,3,4,5,6,7;4,5;15;15;1;190;1/7/2025;-;6.5;7164;10;
134251428;419421;Slingz;-;764754;Buró Spanish edition;Own,Wanttoplay;2;7;2,3,4,5,6,7;4,5;15;15;1;190;1/7/2025;-;6.5;7164;10;
135122414;419421;Slingz;-;764754;Buró Spanish edition;Own;2;7;2,3,4,5,6,7;4,5;15;15;1;190;1/7/2025;-;6.5;7164;10;
120354618;396655;Quicksand;-;674065;English edition;Own;1;7;2,3,4,5;2;15;15;1.07;170;13/9/2024;-;6.7;5655;9.75;
136390868;27632;Who Am I?;-;-;-;Own;0;0;-;-;0;0;0;250;16/9/2025;-;4.8;0;0;
120347841;624;Quoridor;-;624420;Gigamic edition 2017;Own;2;4;2,4;2;15;15;1.82;230;6/9/2024;-;6.6;1681;8.69;
125226280;411617;Quoridor Pac-Man;-;697754;Multilingual edition;Own;2;5;2,4,5;2;15;15;1.5;40;9/11/2024;-;6.4;8194;10;
125226289;411617;Quoridor Pac-Man;-;697754;Multilingual edition;Prevowned,Wanttoplay;2;5;2,4,5;2;15;15;1.5;40;9/11/2024;-;6.4;8194;10;
133795438;429851;Quorum;-;729771;Multilingual edition;Own;2;4;2,3,4;3,4;45;45;2.29;280;1/7/2025;-;7.1;6008;12.48;
133795441;429851;Quorum;-;729771;Multilingual edition;Own,Wanttoplay;2;4;2,3,4;3,4;45;45;2.29;280;1/7/2025;-;7.1;6008;12.48;
120360113;183006;Qwinto;-;539155;Spanish edition;Own,Wanttoplay;2;6;2,3,4,5,6;3,4;15;15;1.31;20;19/9/2024;-;6.9;1541;8.46;
120360386;25669;Qwirkle;-;599631;"MindWare English/French/Spanish ""Over 4 Million Sold"" edition";Own,Wanttoplay;2;4;2,3,4;4;45;45;1.58;140;6/9/2024;-;6.8;1076;5.33;
120360133;131260;Qwixx;-;461810;Maldón Spanish edition;Own,Wanttoplay;2;5;2,3,4,5;3,4;15;15;1.11;60;19/9/2024;-;6.9;991;3.69;
123129940;12;Ra;-;695738;25th Century Games Spanish edition;Own,Wanttoplay;2;5;2,3,4,5;3,4;45;60;2.31;80;19/10/2024;-;7.7;114;52.46;
120347851;347157;RabbitZ & Robots;-;610683;Spanish edition;Own;1;5;1,2,3,4,5;3,4,5;15;20;1.71;170;13/9/2024;-;7.4;6738;0;
120361297;28143;Race for the Galaxy;-;495250;Spanish second edition;Own,Wanttoplay;2;4;2,3,4;2;30;60;2.99;240;16/8/2025;-;7.7;94;26.87;
120347870;329082;Radlands;-;588027;English retail edition;Own;2;2;2;2;20;40;2.27;210;13/9/2024;-;7.7;208;30.72;
139133550;329082;Radlands;-;617187;Spanish edition;Own,Wanttoplay;2;2;2;2;20;40;2.27;210;13/9/2024;-;7.7;208;30.72;
120347872;234429;Raids;-;552195;Portuguese/Spanish edition;Own;2;4;3,4;4;40;40;2.21;370;6/9/2024;-;6.6;4178;17.5;
120468880;234429;Raids;-;552195;Portuguese/Spanish edition;Prevowned,Wanttoplay;2;4;3,4;4;40;40;2.21;370;6/9/2024;-;6.6;4178;17.5;
120358863;245654;Railroad Ink: Deep Blue Edition;-;412498;English edition, first printing;Own,Wanttoplay;1;6;1,2,3,4,5,6;2;20;30;1.47;170;19/9/2025;-;7.1;632;9.81;
120359279;318553;Rajas of the Ganges: The Dice Charmers;-;524978;Multilingual edition 2020;Own,Wanttoplay;2;5;2,3,4;2;30;45;2.28;630;6/9/2024;-;7.5;1111;10.83;
144272728;466722;Ranagedon;-;794644;Spanish edition;Own;2;4;2,3;2;10;15;1;0;-;-;8.7;0;0;
122398358;387780;Rats of Wistar;-;708028;Spanish edition;Own,Wanttoplay;1;4;1,2,3,4;3;90;90;3.41;0;-;-;7.5;925;39.52;
120347878;3837;Rat-a-Tat Cat;-;562291;Top Toys Spanish edition;Own;2;6;2,3,4,5,6;4;10;10;1.12;200;13/9/2024;-;6.3;3553;3.87;
128463213;3837;Rat-a-Tat Cat;-;562291;Top Toys Spanish edition;Own,Wanttoplay,Preordered;2;6;2,3,4,5,6;4;10;10;1.12;200;13/9/2024;-;6.3;3553;3.87;
120347883;112373;BraveRats;-;513198;Spanish edition;Own;2;2;2;2;15;15;1.13;340;18/9/2024;-;6.5;3192;4.77;
120361530;112373;BraveRats;-;513198;Spanish edition;Own,Wanttoplay;2;2;2;2;15;15;1.13;340;18/9/2024;-;6.5;3192;4.77;
120354648;358816;Rear Window;-;603603;English edition;Own;3;5;2,3,4,5;3;40;40;1.72;70;13/9/2024;-;7.4;1830;10.13;
141500301;381249;Rebel Princess;-;742593;Spanish Latin American edition;Own;3;6;3,4,5,6;4,5;30;40;1.85;0;-;-;7.4;1122;11.43;
131909756;444506;Recórcholis!;-;755783;Spanish edition;Own;3;6;-;-;20;20;0;385;18/11/2025;-;5.9;0;0;
131909762;444506;Recórcholis!;-;755783;Spanish edition;Own;3;6;-;-;20;20;0;385;18/11/2025;-;5.9;0;0;
120354634;387817;Recreo Arcano;-;660064;Spanish edition;Own;2;4;2,4;4;20;30;2;30;18/9/2024;-;7.6;13538;0;
128832328;387817;Recreo Arcano;-;660064;Spanish edition;Own;2;4;2,4;4;20;30;2;30;18/9/2024;-;7.6;13538;0;
120467399;161417;Red7;-;358828;Tranjis Spanish edition;Prevowned,Wanttoplay;2;4;2,3,4;4;5;30;1.7;540;18/9/2024;-;6.9;967;7.04;
138056340;429849;Red Carpet;-;729769;English/Spanish edition;Own;2;4;2,3,4;2,4;30;45;2;0;-;-;6.9;8968;0;
139133553;429849;Red Carpet;-;729769;English/Spanish edition;Own,Wanttoplay;2;4;2,3,4;2,4;30;45;2;0;-;-;6.9;8968;0;
120347894;227224;The Red Cathedral;-;355183;Multilingual first edition;Own;1;4;1,2,3,4;3;80;80;2.81;290;13/9/2024;-;7.7;223;21.86;
120361871;227224;The Red Cathedral;-;566930;Multilingual second edition;Prevowned,Wanttoplay;1;4;1,2,3,4;3;80;80;2.81;290;13/9/2024;-;7.7;223;21.86;
120359734;324933;The Red Cathedral: Promo 1 – The Thieves' Guild;Y;537219;Multilingual edition;Prevowned,Wanttoplay;1;4;-;-;30;120;2;0;-;-;7.7;0;10.46;
144599283;457724;Red Notice: Le million ou la prison;-;779366;French edition;Own,Wanttoplay;2;2;2;2;20;40;2.25;0;-;-;7.5;11230;0;
120347903;161417;Red7;-;274183;Bureau de Juegos Spanish edition;Own;2;4;2,3,4;4;5;30;1.7;540;18/9/2024;-;6.9;967;7.04;
137656269;161417;Red7;-;753903;Buró Spanish pocket edition;Own;2;4;2,3,4;4;5;30;1.7;540;18/9/2024;-;6.9;967;7.04;
121009188;357991;Redoblo;-;-;-;Own;2;6;3,4,5,6;3,4;15;20;1.05;460;19/9/2024;-;6.3;9670;21.17;
120360278;244228;Reef;-;390771;English first edition;Own,Wanttoplay;2;4;2,3,4;-;30;45;1.82;80;6/9/2024;-;7;921;15.08;
120508857;347912;Reflecto;-;654741;French edition;Own;2;2;2;2;20;20;1;200;6/9/2024;-;6;21842;35;
143879172;766;Regatta;-;-;-;Own;2;6;2,3,4,5,6;4;60;60;2.05;0;-;-;6.4;6890;22.85;
120354661;307002;Regicide;-;628959;Spanish edition;Own;1;4;1,2,3,4;-;10;30;1.97;130;19/9/2024;-;7.4;565;14.53;
120467161;307002;Regicide;-;628959;Spanish edition;Prevowned,Wanttoplay;1;4;1,2,3,4;-;10;30;1.97;130;19/9/2024;-;7.4;565;14.53;
120354664;363089;Regine;-;615294;Multilingual edition;Own;2;4;3,4;4;30;30;2;160;19/9/2024;-;6.2;13640;0;
120469082;363089;Regine;-;615294;Multilingual edition;Prevowned,Wanttoplay;2;4;3,4;4;30;30;2;160;19/9/2024;-;6.2;13640;0;
120354666;350637;Regroup! Chicken Army;-;586538;English/Spanish edition;Own;2;4;2,3,4;-;10;20;1.42;320;6/9/2024;-;7.3;4936;6.15;
120347909;17053;Sleeping Queens;-;562289;Top Toys Spanish edition;Own;2;5;2,3,4,5;4,5;20;20;1.06;210;13/9/2024;-;6.5;2619;4.04;
120354672;414850;Reino Dragón;-;702553;Spanish edition;Own;2;4;-;-;30;45;0;0;-;-;6.3;0;0;
120361318;414850;Reino Dragón;-;702553;Spanish edition;Own,Wanttoplay;2;4;-;-;30;45;0;0;-;-;6.3;0;0;
138410318;393892;Rolling Realms Redux;-;734330;Spanish edition;Own,Wanttoplay;1;6;1,2,3,4,5;1,2;30;45;2.64;0;-;-;7.8;3306;21.85;
132588892;418253;Remando En Dulce De Leche;-;708630;Spanish edition;Own;2;4;-;-;0;0;0;420;16/9/2025;-;4.3;0;0;
120360922;300001;Renature;-;521323;Portuguese/Spanish edition;Own,Wanttoplay;2;4;2,3,4;3;45;60;2.22;320;11/10/2024;-;7.1;1613;15.5;
141500063;29754;Draft Choice: Choix Au Repechage;-;-;-;Own;2;6;5;5;60;60;0;0;-;-;7;0;0;
139733302;452664;Republia Cartas;-;770382;Spanish edition;Own;4;8;4,5,6,7,8;6,7,8;25;40;2;0;-;-;9;0;0;
140442318;452664;Republia Cartas;-;770382;Spanish edition;Own;4;8;4,5,6,7,8;6,7,8;25;40;2;0;-;-;9;0;0;
120360457;262712;Res Arcana;-;475156;Spanish edition;Own,Wanttoplay;2;4;2,3,4;2;30;60;2.66;190;6/9/2024;-;7.6;184;24;
140464258;340897;Resurgence;-;-;-;Own,Wanttoplay;1;4;1,2,3,4;3;60;90;3.15;0;-;-;7.5;2392;40.61;
140462024;419886;Retratos en Juego;-;711820;Spanish edition;Own;1;8;-;-;20;40;0;745;1/2/2026;-;7;0;0;
120354674;409750;Retro Park;-;694842;Spanish edition;Own;2;5;3,4;4;20;20;1;200;13/9/2024;-;6.2;0;0;
120360940;332772;Revive;-;637578;Spanish edition;Own,Wanttoplay;1;4;1,2,3,4;3;90;120;3.46;330;11/10/2024;-;8.1;92;47.7;
120347922;340433;Revolutis;-;567211;Spanish edition;Own;1;6;-;-;30;30;0;0;-;-;6;0;0;
124051700;241831;Reykholt;-;400694;Spanish edition;Own,Wanttoplay;1;4;1,2,3,4;3;30;60;2.16;0;-;-;6.7;2169;15.2;
120354675;91514;Rhino Hero;-;-;-;Own;2;5;2,3,4,5;3;5;15;1.02;200;13/9/2024;-;6.9;1042;6.6;
120359756;91514;Rhino Hero;-;378553;Multilingual edition (German packaging);Prevowned,Wanttoplay;2;5;2,3,4,5;3;5;15;1.02;200;13/9/2024;-;6.9;1042;6.6;
120359752;218333;Rhino Hero: Super Battle;-;372408;Multilingual edition 2017 (English packaging);Own,Wanttoplay;2;4;2,3,4;3,4;10;20;1.1;160;6/9/2024;-;7.2;922;15.14;
120354680;261490;Ringo;-;-;-;Own;2;2;2;2;15;15;1;320;6/9/2024;-;7.1;10022;10.53;
135159597;261490;Ringo;-;-;-;Own;2;2;2;2;15;15;1;320;6/9/2024;-;7.1;10022;10.53;
134420772;399941;River of Gold;-;726628;Spanish edition;Own,Wanttoplay;2;4;2,3,4;3;60;90;2.49;0;-;-;7.6;754;36.48;
120354696;418281;Rivales: Capítulo 1 – Justicia;-;708663;Spanish edition;Own;2;2;2;2;15;15;1.67;200;18/9/2024;-;8.8;11137;0;
120469077;418281;Rivales: Capítulo 1 – Justicia;-;708663;Spanish edition;Prevowned,Wanttoplay;2;2;2;2;15;15;1.67;200;18/9/2024;-;8.8;11137;0;
125705152;431121;Rivales: Capítulo 2 – Ciencia;-;731987;Spanish edition;Own;2;2;2;2;15;15;1.5;202;6/12/2024;-;8.8;12393;0;
128832285;431121;Rivales: Capítulo 2 – Ciencia;-;731987;Spanish edition;Own;2;2;2;2;15;15;1.5;202;6/12/2024;-;8.8;12393;0;
142262689;449068;Rivales: Capítulo 3 – Fábula;-;-;-;Own;2;2;-;-;15;15;0;204;6/2/2026;-;8.9;15522;0;
120347941;634;River Dragons;-;462426;Spanish/Portuguese edition;Own;2;6;3,4,5,6;4,6;30;30;1.71;100;6/9/2024;-;6.5;2696;29.93;
120468750;634;River Dragons;-;462426;Spanish/Portuguese edition;Prevowned,Wanttoplay;2;6;3,4,5,6;4,6;30;30;1.71;100;6/9/2024;-;6.5;2696;29.93;
134251142;321108;Riverside;-;673337;Spanish edition;Own,Wanttoplay;1;6;1,2,3,4,5,6;3,4;15;25;1.89;685;17/9/2025;-;7.1;2587;20.03;
120347947;329710;Loot, Shoot, Whisky;-;571114;Spanish edition;Own;2;2;2;2;5;5;1;100;18/9/2024;-;6.3;15520;7;
120469105;329710;Loot, Shoot, Whisky;-;571114;Spanish edition;Prevowned,Wanttoplay;2;2;2;2;5;5;1;100;18/9/2024;-;6.3;15520;7;
125233265;334931;Robinson Crusoe: Adventures on the Cursed Island – Collector's Edition (Gamefound Edition);-;734479;Spanish edition;Own,Wanttoplay;1;4;1,2,3,4;1;60;120;3.71;500;16/8/2025;-;7.4;0;158.93;
145316465;381327;Robo Rally;-;765325;Spanish edition;Own,Wanttoplay;2;6;3,4,5,6;4;45;90;2.33;0;-;-;7.4;3359;24.05;
120347981;883;Ivanhoe;-;538281;Maldón Spanish edition;Own;2;5;3,4,5;4;20;60;1.61;365;13/9/2024;-;6.5;3322;17.95;
128536124;402679;Rock Hard: 1977;-;727015;Spanish edition;Own;2;5;2,3,4,5;4,5;45;90;2.48;260;8/2/2025;-;7.5;1123;33.17;
128540514;402679;Rock Hard: 1977;-;727015;Spanish edition;Own,Wanttoplay;2;5;2,3,4,5;4,5;45;90;2.48;260;8/2/2025;-;7.5;1123;33.17;
123289298;298102;Roll Camera!: The Filmmaking Board Game;-;577528;Spanish edition;Own,Wanttoplay;1;6;1,2,3,4;3;45;90;2.21;0;-;-;7.4;1387;37.41;
120359368;169426;Roll Player;-;416834;Spanish edition;Own,Wanttoplay;1;4;1,2,3,4;3;60;90;2.42;40;6/9/2024;-;7.4;297;39.65;
140218746;331820;Rolling Heights;-;716176;Spanish edition;Own,Wanttoplay;1;4;1,2,3,4;2,3;45;60;2.55;0;-;-;7.5;1440;32.18;
120347998;344696;Roll 'n' GOL;-;575203;Spanish first edition;Own;1;7;3,4,5,6,7;5,6,7;20;20;2;70;18/9/2024;-;7;19556;0;
120348021;127024;Room 25;-;473182;Asmodee Spanish edition;Own;1;6;3,4,5,6;4,5,6;30;30;1.93;70;6/9/2024;-;6.7;1695;22.42;
120348031;237182;Root;-;439804;Spanish edition, first printing;Own;2;4;3,4;4;60;90;3.84;50;6/9/2024;-;8.1;34;61.98;
126038862;614;Rubik's Race;-;-;-;Own;2;2;2;2;5;5;1.23;30;3/12/2024;-;6.1;8172;9.66;
141283262;455166;Rudolph;-;774750;Multilingual edition;Own;2;6;-;-;15;20;1;0;-;-;6.7;14476;0;
141283332;455166;Rudolph;-;774750;Multilingual edition;Own,Wanttoplay;2;6;-;-;15;20;1;0;-;-;6.7;14476;0;
126486040;811;Rummy y Burako;-;-;-;Own;2;4;2,3,4;4;60;60;1.71;290;15/12/2024;-;6.5;1758;14.1;
143216634;811;Rummy y Burako;-;-;-;Own;2;4;2,3,4;4;60;60;1.71;290;15/12/2024;-;6.5;1758;14.1;
145423596;391766;Runemasters;-;729508;Spanish edition;Own;1;4;1,2,3,4;4;45;60;1.86;0;-;-;6.7;15542;3.75;
145435221;391766;Runemasters;-;729508;Spanish edition;Own,Wanttoplay;1;4;1,2,3,4;4;45;60;1.86;0;-;-;6.7;15542;3.75;
120348047;9220;Saboteur;-;580785;Buró Spanish edition;Own;3;10;5,6,7,8,9,10;7,8;30;30;1.32;260;18/9/2024;-;6.5;1539;5.05;
120467899;9220;Saboteur;-;462023;Bureau de Juegos Spanish edition;Prevowned,Wanttoplay;3;10;5,6,7,8,9,10;7,8;30;30;1.32;260;18/9/2024;-;6.5;1539;5.05;
120348055;143147;Saboteur Gold;-;210286;French compilation edition 2011;Own;2;12;4,5,6,7,8,9,10,11;6,7,8;30;30;1.49;0;-;-;6.8;0;11.38;
120475203;227424;Saboteur: Map Swap;Y;355499;First edition;Prevowned,Wanttoplay;3;10;-;-;0;0;0;0;-;-;7.1;0;9.18;
120359861;199561;Sagrada;-;416233;Spanish edition;Own,Wanttoplay;1;4;1,2,3,4;2;30;45;1.92;210;6/9/2024;-;7.5;224;23.37;
138610800;377470;Sail;-;748549;Spanish edition;Own,Wanttoplay;2;2;2;2;20;20;2.22;360;1/2/2026;-;7.3;984;14.6;
120359273;227029;Sakura;-;354859;English edition;Own,Wanttoplay;2;6;2,3,4,5;4;20;40;1.5;380;13/9/2024;-;6.5;5260;16.29;
140801636;437172;Salsacia vs Conservia;-;742366;Spanish edition;Own;2;6;2,4;2;15;25;1;0;-;-;7.5;0;0;
120354703;402663;Salton Sea;-;702510;Multilingual edition;Own;1;4;1,2,3;2;120;120;3.86;650;13/9/2024;-;7.4;1683;18.1;
121009865;402663;Salton Sea;-;702510;Multilingual edition;Prevowned,Wanttoplay;1;4;1,2,3;2;120;120;3.86;650;13/9/2024;-;7.4;1683;18.1;
139133456;15818;Pick-omino;-;782711;Maldón Spanish edition;Own,Wanttoplay;2;7;2,3,4,5;3,4;20;20;1.16;180;31/1/2026;-;6.6;1619;12.52;
122901046;313723;Samoa;-;718244;Catalan/Italian/Portuguese/Spanish edition;Own,Wanttoplay;2;4;2,3,4;3;25;25;1.46;170;19/9/2024;-;6.5;9712;11.39;
120361196;150533;Samurai Gardener;-;351398;English edition;Own,Wanttoplay;2;5;2,3,4;4;15;15;1.89;140;19/9/2025;-;6.1;10468;17.61;
121317719;357271;San Francisco;-;699656;English/French edition;Own,Wanttoplay;2;4;2,3,4;-;45;60;2.19;0;-;-;6.6;4802;11.33;
120354706;402669;Sand;-;683342;Multilingual edition;Own;1;4;1,2,3,4;2;120;120;3.31;160;6/9/2024;-;6.7;4497;16.11;
120468952;402669;Sand;-;683342;Multilingual edition;Prevowned,Wanttoplay;1;4;1,2,3,4;2;120;120;3.31;160;6/9/2024;-;6.7;4497;16.11;
120474653;336374;Sandwich Wars;-;559746;Spanish edition;Prevowned,Wanttoplay;2;5;2,3,4,5;4,5;30;45;2.63;0;-;-;7.5;13964;0;
120360986;146816;Sanssouci;-;413849;Fractal Juegos Spanish edition;Own,Wanttoplay;2;4;2,3,4;2;30;45;2.1;320;19/8/2025;-;7.1;1987;17.21;
120359956;104347;Santiago de Cuba;-;124391;Spanish edition;Own,Wanttoplay;2;4;2,3,4;2;40;75;2.15;300;2/10/2024;-;6.9;1569;30.09;
120359782;194655;Santorini;-;397257;Roxley/Spin Master English/French edition;Own,Wanttoplay;2;4;2,3;2;20;20;1.72;130;6/9/2024;-;7.3;309;17.28;
120632315;242684;Reavers of Midgard;-;433179;Spanish edition;Own,Wanttoplay;2;4;2,3,4;4;60;120;2.93;0;-;-;7.3;1244;23.83;
120358822;170042;Raiders of the North Sea;-;298634;Spanish edition;Own,Wanttoplay;2;4;2,3,4;3;60;80;2.57;30;13/9/2024;-;7.7;135;41.82;
120348067;223034;Dungeon Hustle;-;387662;Spanish edition;Own;2;4;2,3;2;45;45;1.33;0;-;-;5.6;27067;3.67;
140270473;15600;Sardegna;-;679512;English/Korean edition;Own;2;4;3,4;4;60;60;2.6;0;-;-;7;2280;24.77;
129319269;368352;Satori;-;626768;English/Spanish edition;Own,Wanttoplay;1;4;1,2,3,4;3;25;100;3.35;0;-;-;7.5;4900;43.17;
124627475;339484;Savannah Park;-;598642;French edition;Own,Wanttoplay;1;4;1,2,3,4;2,3;20;40;1.77;0;-;-;7;2075;14.4;
120354735;369142;Savernake Forest;-;628572;Multilingual edition;Own;2;4;2,3,4;-;20;40;1.27;310;13/9/2024;-;7.1;2740;9.9;
120468838;369142;Savernake Forest;-;628572;Multilingual edition;Own,Wanttoplay;2;4;2,3,4;-;20;40;1.27;310;13/9/2024;-;7.1;2740;9.9;
120348070;197786;Say my Name;-;580928;Buró Spanish edition;Own;4;12;4,6,8,10;6;45;90;1;320;13/9/2024;-;7.6;7193;0;
121009876;197786;Say my Name;-;580928;Buró Spanish edition;Prevowned,Wanttoplay;4;12;4,6,8,10;6;45;90;1;320;13/9/2024;-;7.6;7193;0;
120348141;372;Schotten Totten;-;587595;Buró Spanish edition;Own;2;2;2;2;20;20;1.67;300;18/9/2024;-;7.4;432;9.93;
120361909;372;Schotten Totten;-;380578;Bureau de Juegos Spanish edition;Prevowned,Wanttoplay;2;2;2;2;20;20;1.67;300;18/9/2024;-;7.4;432;9.93;
121918224;291453;SCOUT;-;580253;EN/FR/DE/ES edition 2021;Own,Wanttoplay;2;5;3,4,5;4;20;20;1.39;560;19/9/2024;-;7.8;106;11.82;
120361199;202982;Scrawl;-;684733;ToyCo Spanish edition;Own,Wanttoplay;4;8;4,5,6,7,8;6,8;30;30;1;152;13/9/2024;-;7.1;3396;12.5;
142519011;463501;Scripta;-;788964;Spanish edition;Own;2;5;2,3,4,5;-;15;30;2;0;-;-;8.7;0;0;
120348147;169786;Scythe;-;320869;English retail edition;Own;1;5;1,2,3,4,5;4;115;115;3.45;40;6/9/2024;-;8.1;26;55.36;
120361697;169786;Scythe;-;300769;Spanish edition;Own,Wanttoplay;1;5;1,2,3,4,5;4;115;115;3.45;40;6/9/2024;-;8.1;26;55.36;
136391084;125090;Ego: The Adult Game of Communication;-;-;-;Own;3;6;-;-;0;0;2;72;17/9/2025;-;7.3;0;0;
120348180;172;For Sale;-;518990;Top Toys Spanish edition;Own;3;6;3,4,5,6;5;30;30;1.25;720;13/9/2024;-;7.3;354;15.52;
126297057;108745;Seasons;-;625082;SD Games Spanish edition;Own,Wanttoplay;2;4;2,3;2;60;60;2.78;230;19/5/2025;-;7.3;350;28.61;
120354641;234877;Sebastian Fitzek Safehouse;-;420611;Spanish edition;Own;2;4;2,3,4;-;30;30;2.06;50;6/9/2024;-;6.4;4899;16.01;
126152172;188834;Secret Hitler;-;301129;English Print & Play edition;Own,Wanttoplay,Preordered;5;10;6,7,8,9,10;8,1;45;45;1.74;40;5/12/2024;-;7.5;266;31.25;
136390889;294455;5 Second Rule: Spintensity;-;-;-;Own;3;99;-;-;0;0;0;390;16/9/2025;-;6;0;0;
129561374;420805;Black Forest;-;720347;Spanish edition;Own,Wanttoplay;1;4;1,2,3,4;3;60;120;3.19;0;-;-;7.6;1033;34.73;
124496674;2375;Sequence;-;591142;Goliath multilingual edition 2020;Own,Wanttoplay;2;12;2,3,4,6;3,4;10;30;1.31;100;19/10/2024;-;6.2;3324;6.55;
132588844;2375;Sequence;-;591142;Goliath multilingual edition 2020;Own;2;12;2,3,4,6;3,4;10;30;1.31;100;19/10/2024;-;6.2;3324;6.55;
120359229;1198;SET;-;286834;Devir Spanish edition 2015;Own,Wanttoplay;1;20;1,2,3,4,5,6,7,8;3,4;30;30;1.65;280;13/9/2024;-;6.5;1872;5.8;
126711269;270847;Set & Match;-;508994;EN/FR/DE/IT/NL/ES second edition;Own,Wanttoplay;2;4;2,4;2;15;30;1.14;210;11/1/2025;-;7.3;2237;23.23;
137501056;418059;SETI: Search for Extraterrestrial Intelligence;-;744465;Spanish edition;Own,Wanttoplay;1;4;1,2,3,4;3;40;160;3.83;0;-;-;8.4;16;54.05;
125229941;329593;Settlement;-;548232;Multilingual edition;Own,Wanttoplay;1;4;1,2,3,4;-;45;90;2.17;0;-;-;7.1;4193;35.55;
120354746;1070;Shadows in the Forest;-;396678;English edition;Own;2;8;3,4,5,6;-;15;15;1.11;0;-;-;6;6856;13.91;
120359202;186767;Shahrazad;-;330700;English edition;Own,Wanttoplay;1;2;1,2;1;10;10;1.6;120;13/9/2024;-;6.2;8735;8.99;
120348190;250780;Sherlock: Last Call;-;557927;Top Toys Spanish edition;Own;1;8;2,3,4,5;-;40;60;1.54;160;18/9/2024;-;6.7;3597;6.78;
120361320;250780;Sherlock: Last Call;-;557927;Top Toys Spanish edition;Prevowned,Wanttoplay;1;8;2,3,4,5;-;40;60;1.54;160;18/9/2024;-;6.7;3597;6.78;
120348193;247436;Sherlock: The Tomb of the Archaeologist;-;557630;Top Toys Spanish edition;Own;1;8;2,3,4;-;40;60;1.53;170;18/9/2024;-;6.6;4138;6.77;
120361327;247436;Sherlock: The Tomb of the Archaeologist;-;557630;Top Toys Spanish edition;Own,Wanttoplay;1;8;2,3,4;-;40;60;1.53;170;18/9/2024;-;6.6;4138;6.77;
120348195;266446;The Sherlock Files: Demo Deck – Whereabouts Unknown;-;562296;Top Toys Spanish edition;Own;1;8;2,3,4,5,6;4;60;60;1.8;180;18/9/2024;-;6.6;0;1.22;
120361325;266446;The Sherlock Files: Demo Deck – Whereabouts Unknown;-;562296;Top Toys Spanish edition;Own,Wanttoplay;1;8;2,3,4,5,6;4;60;60;1.8;180;18/9/2024;-;6.6;0;1.22;
122634926;333953;Shiki;-;555758;Spanish first edition;Own;2;5;3,4,5;4;15;15;1;150;13/9/2024;-;6.8;15868;0;
130810824;333953;Shiki;-;555758;Spanish first edition;Own;2;5;3,4,5;4;15;15;1;150;13/9/2024;-;6.8;15868;0;
140461506;460999;Shiki: Invierno;-;784819;Spanish edition;Own;2;5;-;-;15;15;0;140;31/1/2026;-;7;0;0;
144143922;460999;Shiki: Invierno;-;784819;Spanish edition;Own;2;5;-;-;15;15;0;140;31/1/2026;-;7;0;0;
120348200;169465;Shinobi: El Juego del Asesino;-;259889;Spanish second edition;Own;8;26;7,8,9,10,11,12,13,14,15;9;20;20;1.67;530;18/9/2024;-;6.2;22107;0;
134251181;393179;Shipyard (Second Edition);-;689504;Spanish edition;Own,Wanttoplay;1;4;1,2,3,4;-;40;120;3.28;0;-;-;7.4;3199;34.87;
120359963;272380;SHŌBU;-;444707;English edition;Own,Wanttoplay;2;2;2;2;15;30;1.87;60;13/9/2024;-;7.5;1482;16.69;
120348203;22501;See Sek;-;571407;JuegosdeMesa.com.ar Spanish edition;Own;2;5;3;3;10;10;1.83;570;18/9/2024;-;4.4;29230;0;
124228396;387538;Side Quest: Nemesis;-;689567;Spanish edition;Own,Wanttoplay;1;4;1,2;2;90;120;1.6;300;19/9/2025;-;6.8;6185;10.66;
120632326;333539;The Siege of Runedar;-;630504;French/English edition;Own,Wanttoplay;1;4;1,2,3,4;-;60;90;2.38;10;13/9/2024;-;7;2741;21.88;
120348207;255037;Silk;-;409476;Multilingual edition;Own;2;4;3,4;3;45;45;2.39;270;13/9/2024;-;6.3;5529;16.69;
120361390;255037;Silk;-;409476;Multilingual edition;Own,Wanttoplay;2;4;3,4;3;45;45;2.39;270;13/9/2024;-;6.3;5529;16.69;
120359213;270673;Silver & Gold;-;570477;Spanish edition;Own,Wanttoplay;2;4;2,3,4;3,4;20;20;1.22;920;13/9/2024;-;7.2;749;5.08;
129627441;268620;Similo;-;695463;Spanish edition;Own,Wanttoplay;2;8;2,3,4,5,6;3,4;10;15;1.05;20;14/3/2025;-;6.8;1388;8.79;
129627443;268620;Similo;-;695464;Spanish edition;Own,Wanttoplay;2;8;2,3,4,5,6;3,4;10;15;1.05;20;14/3/2025;-;6.8;1388;8.79;
131475720;268620;Similo;-;695465;Spanish edition;Own,Wanttoplay;2;8;2,3,4,5,6;3,4;10;15;1.05;20;14/3/2025;-;6.8;1388;8.79;
129627434;268620;Similo;-;506552;Spanish edition;Own,Wanttoplay;2;8;2,3,4,5,6;3,4;10;15;1.05;20;14/3/2025;-;6.8;1388;8.79;
142703957;268620;Similo;-;510161;Spanish edition;Own,Wanttoplay;2;8;2,3,4,5,6;3,4;10;15;1.05;20;14/3/2025;-;6.8;1388;8.79;
120469091;288254;Simplicity;-;470381;Spanish edition;Own,Wanttoplay;2;6;2,3,4,5,6;5;20;40;1.67;680;17/9/2025;-;6;15171;0;
145460605;448450;The Sims Board Game;-;-;-;Own,Wanttoplay;2;5;2,3,4,5;4;0;0;1.5;0;-;-;5.2;29164;15;
121234296;92415;Skull;-;547287;English/French edition 2020;Own,Wanttoplay,Preordered;3;6;3,4,5,6;5,6;15;45;1.11;270;13/9/2024;-;7.2;491;8.11;
120354829;150145;Skull King;-;653543;Spanish edition 2023;Own;2;8;3,4,5,6;4,5,6;30;30;1.73;130;18/9/2024;-;7.5;293;9.05;
120355398;373106;Sky Team;-;655559;English edition, first printing;Own;2;2;2;2;20;20;2.04;30;13/9/2024;-;8.1;33;20.66;
123387611;373106;Sky Team;-;716309;Spanish edition;Own,Wanttoplay;2;2;2;2;20;20;2.04;30;13/9/2024;-;8.1;33;20.66;
126711273;204135;Skyjo;-;563102;French edition;Own,Wanttoplay;2;8;2,3,4,5,6;4;15;45;1.05;20;10/1/2025;-;6.7;1923;9.21;
121659053;359438;Skymines;-;608344;French edition;Own,Wanttoplay;1;4;1,2,3,4;4;75;150;3.9;300;19/8/2025;-;7.9;562;27.23;
136390924;223869;Color Slap!;-;-;-;Own;2;4;-;-;15;30;1;640;16/9/2025;-;5;0;0;
137730082;338960;Slay the Spire: The Board Game;-;658560;Spanish edition;Own,Wanttoplay;1;4;1,2,3,4;2;30;150;2.9;240;23/1/2026;-;8.6;17;99.92;
120348218;271785;Slide Quest;-;457639;Spanish edition;Own;1;4;2,3,4;4;15;45;1.14;120;6/9/2024;-;6.6;3311;10.78;
120360950;40692;Small World;-;294178;English third edition;Own,Wanttoplay;2;5;2,3,4,5;4;40;80;2.35;10;1/10/2024;-;7.2;404;24.36;
132429407;309630;Small World of Warcraft;-;508466;English edition;Own,Wanttoplay,Preordered;2;5;2,3,4,5;4;40;80;2.68;0;-;-;7.2;1137;17.34;
120360953;97786;Small World Underground;-;96692;English edition;Own,Wanttoplay;2;5;2,3,4,5;4;30;90;2.59;310;1/10/2024;-;7.2;646;19.23;
120360371;241590;Smart10;-;611731;Spanish edition 2021;Own,Wanttoplay;2;8;2,3,4,5,6;3,4;20;120;1.17;10;6/9/2024;-;7.4;846;12.97;
140460982;104281;Brain Quest SMART game;-;-;-;Own,Wanttoplay;2;4;2,3,4;4;0;0;1;230;23/1/2026;-;6;0;0;
140460984;38934;Math Smart Card Game;-;-;-;Own,Wanttoplay;2;0;-;-;30;30;0;220;23/1/2026;-;0;0;0;
129574535;303994;Smart10: Junior;-;740331;Spanish edition;Own,Wanttoplay;2;8;2,3,4,6,8;4;20;20;1;5;19/2/2025;-;7.2;12875;0;
120354873;397348;Snacks;-;675160;Spanish edition;Own;2;8;-;-;15;15;0;600;19/9/2024;-;8.4;0;0;
120354878;256438;Snow Time;-;619293;English edition;Own;3;5;3,4,5;4;20;40;1.33;10;13/9/2024;-;6.5;6798;5.2;
120360364;329839;So Clover!;-;573881;Spanish edition;Own,Wanttoplay;3;6;2,3,4,5,6;3,4;30;30;1.12;190;13/9/2024;-;7.6;271;11.59;
120361202;332944;Sobek: 2 Players;-;554106;French edition;Own,Wanttoplay;2;2;2;2;20;20;1.97;340;16/9/2025;-;7.1;1556;13.32;
140461500;460994;Sobresaltos;-;784814;Spanish edition;Own;2;6;-;-;15;15;2;210;31/1/2026;-;8.6;0;0;
120354843;401166;Soccard: Fútbol con cartas;-;680637;Spanish edition;Own;2;2;-;-;15;30;1.5;0;-;-;7.6;0;0;
136389393;388702;SOLO;-;-;-;Own;2;2;-;-;15;30;0;670;2/2/2026;-;0;0;0;
120348224;311912;Sombra de Lobos;-;512589;Spanish pocket tin edition;Own;7;26;-;-;15;30;0;200;16/11/2024;-;8;0;0;
120348226;311912;Sombra de Lobos;-;512589;Spanish pocket tin edition;Own,Prevowned;7;26;-;-;15;30;0;200;16/11/2024;-;8;0;0;
120348241;59959;Letters from Whitechapel;-;95763;Spanish first edition;Own;2;6;2,3,4,5,6;2;90;90;2.64;460;13/9/2024;-;7.3;436;20.96;
120353610;259809;Sonar Family;-;526363;Multilingual edition;Own;2;4;2,4;4;30;30;1.5;410;6/9/2024;-;6.8;4477;15.61;
139649450;248421;Sonic the Hedgehog: Crash Course;-;-;-;Own,Wanttoplay;2;4;2,3,4;3,4;30;45;2.13;0;-;-;6.1;19244;22.87;
120348257;178570;Unusual Suspects;-;335589;Spanish first edition;Own;3;16;2,3,4,5,6,7,8;4,5,6;20;20;1.09;215;6/9/2024;-;6.4;3235;18.36;
136526086;379122;Gli Insospettabili;-;788142;Buró Spanish edition;Own;3;18;-;-;15;20;1;300;17/10/2025;-;6.9;16825;0;
138658062;379122;Gli Insospettabili;-;788142;Buró Spanish edition;Own;3;18;-;-;15;20;1;300;17/10/2025;-;6.9;16825;0;
141645926;379122;Gli Insospettabili;-;788142;Buró Spanish edition;Own,Wanttoplay;3;18;-;-;15;20;1;300;17/10/2025;-;6.9;16825;0;
132044184;302876;Sound Box;-;645406;Spanish edition;Own;4;7;4,5,6,7;5,7;30;45;1;610;4/7/2025;-;6.8;6891;7.5;
120468789;260407;Soviet Kitchen Unleashed;-;589016;Spanish edition;Own,Wanttoplay;1;6;1,2,3,4,5,6;4;25;25;1.28;180;4/7/2025;-;6.7;3135;18.14;
121917984;242302;Space Base;-;518175;Spanish edition;Own,Wanttoplay;2;5;2,3,4,5;3,4;60;60;2.13;590;6/9/2024;-;7.5;225;25.32;
120348262;350730;Space Rocket;-;586697;Spanish edition;Own;1;4;1,2,3,4;3,4;10;10;1;340;6/9/2024;-;6.6;17679;0;
120348263;330158;Spaghetti Western;-;549343;Spanish edition;Own;2;4;-;-;60;90;2;0;-;-;7.9;0;0;
135709537;162886;Spirit Island;-;762068;Spanish fourth edition;Own;1;4;1,2,3,4;2;90;120;4.07;0;-;-;8.3;11;65.48;
135709557;162886;Spirit Island;-;762068;Spanish fourth edition;Own,Wanttoplay;1;4;1,2,3,4;2;90;120;4.07;0;-;-;8.3;11;65.48;
120360463;148228;Splendor;-;293042;English sixth edition with Golden Geek award 2015-2;Own,Wanttoplay;2;4;2,3,4;3;30;30;1.78;50;6/9/2024;-;7.4;243;12.77;
120360293;364073;Splendor Duel;-;617940;French edition;Own,Wanttoplay;2;2;2;2;30;30;2.02;10;13/9/2024;-;7.9;111;16.37;
134420740;420876;Spotlight;-;746654;Spanish edition;Own;1;5;1,2,3,4,5;2,3;15;15;1;520;16/9/2025;-;6.9;5435;17.45;
135120578;420876;Spotlight;-;746654;Spanish edition;Own,Wanttoplay;1;5;1,2,3,4,5;2,3;15;15;1;520;16/9/2025;-;6.9;5435;17.45;
144680143;455167;Spring;-;774753;Multilingual edition;Own;2;2;-;-;15;20;0;0;-;-;6.8;0;0;
145242316;455167;Spring;-;774753;Multilingual edition;Own,Wanttoplay;2;2;-;-;15;20;0;0;-;-;6.8;0;0;
123129919;253684;Spring Meadow;-;407270;Spanish edition;Own,Wanttoplay;1;4;1,2,3,4;2,4;15;60;1.83;340;16/10/2024;-;7;2355;18.25;
122162280;272325;Sprint!;-;-;-;Own,Wanttoplay;2;4;1,2,3,4;1,2;15;15;1;350;18/9/2024;-;5.9;21384;0;
120348267;166384;Spyfall;-;362627;El Dragón Azul Spanish edition;Own;3;8;4,5,6,7,8;6;15;15;1.23;380;6/9/2024;-;6.7;1104;5.46;
120467443;166384;Spyfall;-;362627;El Dragón Azul Spanish edition;Prevowned,Wanttoplay;3;8;4,5,6,7,8;6;15;15;1.23;380;6/9/2024;-;6.7;1104;5.46;
120354860;221233;Star Cartel;-;345079;English edition;Own;3;6;3,4;3;30;60;2.38;0;-;-;6.4;8711;7.55;
120972771;164153;Star Wars: Imperial Assault;-;257777;Spanish edition;Own,Wanttoplay;2;5;2,3,4,5;2,5;60;120;3.3;270;19/10/2024;-;8;86;120.79;
136746353;444481;Star Wars: Battle of Hoth;-;756893;Spanish edition;Own,Wanttoplay;2;4;2;2;30;30;1.94;0;-;-;7.9;780;52.89;
144382487;353470;Star Wars: Jabba's Palace – A Love Letter Game;-;600755;Spanish edition;Own;2;6;3,4,5,6;4,5;20;20;1.25;0;-;-;7.2;1324;9.05;
145316425;353470;Star Wars: Jabba's Palace – A Love Letter Game;-;600755;Spanish edition;Own,Wanttoplay;2;6;3,4,5,6;4,5;20;20;1.25;0;-;-;7.2;1324;9.05;
144143158;448775;Star Wars: Super Teams;-;762949;Multilingual edition;Own,Wanttoplay;2;4;2,3,4;4;30;30;1.2;0;-;-;7;9638;0;
132819707;374173;Star Wars: The Deckbuilding Game;-;638414;Spanish edition;Own,Wanttoplay;2;2;2;2;30;90;2.04;740;17/9/2025;-;7.8;219;14.36;
140219293;422332;Star Wars: The Deckbuilding Game – Clone Wars Edition;-;733601;Spanish edition;Own,Wanttoplay;2;2;2;2;30;90;2.29;0;-;-;8;1373;20.51;
142122085;204615;StarFall;-;767296;ENG/JAP/KOR edition;Own,Wanttoplay;2;4;2,3,4;3;30;30;1.7;0;-;-;6.3;9870;10;
120348273;37696;The Stars Are Right;-;27892;English first edition;Own;2;4;2,3;2;60;60;2.43;0;-;-;6.3;5233;14.13;
120354869;363369;Starship Captains;-;621125;Spanish edition;Own;1;4;1,2,3,4;3;25;100;2.36;0;-;-;7.1;1590;18.51;
120360880;363369;Starship Captains;-;621125;Spanish edition;Own,Wanttoplay;1;4;1,2,3,4;3;25;100;2.36;0;-;-;7.1;1590;18.51;
140218828;334827;Starship Interstellar;-;631946;Spanish edition;Own,Wanttoplay;1;4;1,2,3,4;3;150;150;3.83;0;-;-;7.6;6227;36.57;
133673570;223770;Startups;-;-;-;Own,Wanttoplay;3;7;3,4,5;4;20;20;1.58;0;-;-;7.2;887;13.78;
120360202;329845;Stella: Dixit Universe;-;-;-;Own,Wanttoplay;3;6;3,4,5,6;5,6;30;30;1.16;220;6/9/2024;-;7.3;989;15.17;
133241375;293678;Stellar;-;527661;French edition;Own,Wanttoplay;2;2;2;2;30;30;2.12;0;-;-;7.3;2043;9.48;
120361194;282391;Stockpile: Epic Edition;-;536398;Spanish edition;Own,Wanttoplay;2;5;3,4,5;4,5;45;45;2.21;400;16/8/2025;-;7.9;0;98.25;
120359103;34635;Stone Age;-;411739;English fifth edition;Own,Wanttoplay;2;4;2,3,4;4;60;90;2.46;10;6/9/2024;-;7.5;188;28.94;
122055264;191004;My First Stone Age;-;317059;Spanish edition;Own,Wanttoplay,Preordered;2;4;2,3,4;3,4;15;15;1.14;20;6/9/2024;-;6.6;2633;11.68;
121233479;1917;Stratego;-;-;-;Own,Wanttoplay,Preordered;2;2;2;2;45;45;1.85;50;13/9/2024;-;6.2;3091;11.53;
120348283;196231;Street Rod: The Card Game;-;305143;English edition;Own;1;5;3,4,5;4;20;40;2;0;-;-;5.4;0;16.61;
120360391;123570;Strike;-;357293;French edition;Own,Wanttoplay;2;5;2,3,4,5;4,5;15;15;1.02;200;6/9/2024;-;7;1273;13.38;
142122093;367558;Stubborn Mules;-;625154;English/Korean/German edition;Own,Wanttoplay;2;5;2,3,4;2;20;20;1;0;-;-;6.1;21374;12.06;
143879047;3720;Subbuteo;-;-;-;Own;2;2;2;2;20;20;1.79;0;-;-;7;2556;28.74;
120348307;32406;Subete al Troncal;-;-;-;Own;3;6;4,5,6;-;30;30;1.5;670;19/9/2024;-;6.6;0;0;
121918302;123260;Suburbia;-;576578;Spanish edition;Own,Wanttoplay;1;4;1,2,3,4;3;60;90;2.76;350;16/8/2025;-;7.5;248;23.82;
120348312;319715;Sucesos Argentinos: Volumen 2 – Economía y Sociedad;-;527130;Spanish edition;Own;2;4;1,2,3,4;-;15;20;1;630;19/9/2024;-;6.7;0;0;
120354880;347403;Sucesos Argentinos: Volumen 4 – Cambalache;-;580445;Spanish edition;Own;2;4;1,2,3,4;2;20;20;1;940;19/9/2024;-;6.9;0;0;
133873961;394334;Sunrise Lane;-;682209;French edition;Own,Wanttoplay;2;4;2,3,4;3,4;45;45;1.47;410;16/9/2025;-;7;2865;14.62;
140461608;411545;Sunrise Sunset;-;780044;Arken Games Spanish edition;Own;2;2;2;2;10;30;1.83;360;23/1/2026;-;7;9685;20;
120348315;279014;Teenage Mutant Ninja Turtles: Turtle Power Card Game;-;539166;Buró Spanish edition;Own;3;6;4,5,6;5,6;10;15;1.09;310;18/9/2024;-;6.2;9943;10.44;
137355212;70376;Super Comics;-;207275;French second edition;Own;3;20;8;-;20;20;1;0;-;-;5.7;22949;0;
136389289;400942;Super Cortex Challenge;-;680240;Multilingual edition;Own;2;6;-;-;15;15;0;0;-;-;6.3;22375;0;
120361899;2653;Survive: Escape from Atlantis!;-;164453;Stronghold English 30th anniversary edition 2012;Prevowned,Wanttoplay;2;4;3,4;4;45;60;1.69;10;13/9/2024;-;7.3;375;34.07;
132589111;425428;Survive The Island;-;722560;Spanish edition;Own;2;5;3,4,5;4;45;45;1.49;220;20/8/2025;-;7.4;1140;16.57;
136281168;425428;Survive The Island;-;-;-;Own,Wanttoplay,Preordered;2;5;3,4,5;4;45;45;1.49;220;20/8/2025;-;7.4;1140;16.57;
136390895;141865;Zombielievable;-;-;-;Own;3;5;-;-;30;30;0;0;-;-;5.5;0;0;
120348332;335946;Sushi Do;-;558972;Spanish edition;Own;3;9;-;-;30;90;0;20;6/9/2024;-;6;0;0;
138253728;202564;Cookie Box;-;784822;Maldón Spanish edition;Own;2;4;2,3,4;4;15;20;1;48;1/2/2026;-;6.7;8289;23.11;
138253730;202564;Cookie Box;-;784822;Maldón Spanish edition;Own,Wanttoplay;2;4;2,3,4;4;15;20;1;48;1/2/2026;-;6.7;8289;23.11;
139133447;202564;Cookie Box;-;784822;Maldón Spanish edition;Own;2;4;2,3,4;4;15;20;1;48;1/2/2026;-;6.7;8289;23.11;
120348342;133473;Sushi Go!;-;250942;Spanish edition;Own;2;5;3,4,5;4;15;15;1.16;360;18/9/2024;-;7;657;5.86;
130515473;392611;Sushi Go!: Spin Some for Dim Sum;-;709158;Spanish edition;Own;2;6;3,4,5;-;20;20;1.17;130;4/4/2025;-;6.3;7695;6.96;
135120896;392611;Sushi Go!: Spin Some for Dim Sum;-;709158;Spanish edition;Prevowned,Wanttoplay;2;6;3,4,5;-;20;20;1.17;130;4/4/2025;-;6.3;7695;6.96;
120359965;192291;Sushi Go Party!;-;326204;Spanish edition;Own,Wanttoplay;2;8;2,3,4,5,6,7,8;4,5;20;20;1.32;150;13/9/2024;-;7.4;287;10.92;
120354892;127784;Suspend;-;172176;English first edition;Own;1;4;1,2,3,4;3,4;15;15;1;40;13/9/2024;-;6.2;5086;7.57;
122634920;355737;Sweet & Spicy;-;-;-;Own;2;6;2,3,4,5,6;4,5;15;15;1.33;110;13/9/2024;-;6.8;7084;13.96;
128463140;355737;Sweet & Spicy;-;-;-;Own,Wanttoplay,Preordered;2;6;2,3,4,5,6;4,5;15;15;1.33;110;13/9/2024;-;6.8;7084;13.96;
143878883;425445;Sweet Lands;-;781574;Spanish edition;Own,Wanttoplay;1;4;1,2,3;2;100;200;4.16;0;-;-;8.2;1356;189.19;
133878834;143405;Sylvion;-;745360;Spanish edition;Own,Wanttoplay;1;2;1,2;1;30;30;2.07;32;19/9/2025;-;7;1640;9.54;
135517754;432451;Symbiosis;-;734161;French edition;Own,Wanttoplay;2;4;2,3,4;3;10;20;1.12;80;9/11/2025;-;6.8;4536;20.13;
120348350;140153;T.E.G. Cartas;-;204043;Spanish edition;Own;2;4;3,4;4;30;30;2;60;6/9/2024;-;5.6;26253;0;
120361556;140153;T.E.G. Cartas;-;204043;Spanish edition;Own,Wanttoplay;2;4;3,4;4;30;30;2;60;6/9/2024;-;5.6;26253;0;
120348357;22392;T.E.G.: Plan Táctico y Estratégico de la Guerra;-;26624;Yetem edition;Own;2;6;3,4,5,6;6;180;180;2.15;30;13/9/2024;-;6;21498;10;
120348461;11901;Tic-Tac-Toe;-;-;-;Own;2;2;2;2;1;1;1.28;0;-;-;2.8;30582;57.48;
120348374;181404;Taverna;-;334133;Spanish edition;Own;2;5;2,3,4,5;4;60;90;2.67;0;-;-;6.2;8440;20.83;
120348396;341876;Taco Back Goat Cheese Pizza;-;670364;Spanish edition;Own;2;8;3,4,5,6,7,8;5,6;10;10;1;435;19/9/2024;-;6.9;5578;0;
126297351;338678;Taco Hat Cake Gift Pizza;-;737318;Spanish edition;Own;2;8;4,5,6,7,8;4,5,6;10;15;1;910;7/12/2024;-;6.4;8978;4.66;
120348379;253664;Taco Cat Goat Cheese Pizza;-;575727;Buró Spanish edition;Own;2;8;3,4,5,6,7,8;4,5,6;10;30;1.03;430;19/9/2024;-;6.5;2352;5.19;
120348399;253664;Taco Cat Goat Cheese Pizza;-;575727;Buró Spanish edition;Own;2;8;3,4,5,6,7,8;4,5,6;10;30;1.03;430;19/9/2024;-;6.5;2352;5.19;
120468677;253664;Taco Cat Goat Cheese Pizza;-;575727;Buró Spanish edition;Prevowned,Wanttoplay;2;8;3,4,5,6,7,8;4,5,6;10;30;1.03;430;19/9/2024;-;6.5;2352;5.19;
120348406;286830;Tajuto;-;589395;Spanish edition;Own;2;4;2,3,4;3;45;60;2.05;130;13/9/2024;-;6.6;6152;22.99;
120468966;286830;Tajuto;-;589395;Spanish edition;Own,Wanttoplay;2;4;2,3,4;3;45;60;2.05;130;13/9/2024;-;6.6;6152;22.99;
132081872;128;Take it Easy!;-;685018;French/Spanish edition;Own,Wanttoplay;1;8;1,2,3,4,5,6,7,8;2,3,4,5,6,7,8;20;20;1.48;130;17/5/2025;-;6.6;2493;14.64;
140801814;440540;Take Time;-;776192;Spanish edition;Own,Wanttoplay;2;4;2,3,4;3,4;30;30;1.81;80;1/2/2026;-;7.7;721;22.91;
120348413;70919;Takenoko;-;546022;Fractal Juegos Spanish edition;Own;2;4;2,3,4;3;45;45;1.97;240;13/9/2024;-;7.2;439;20.11;
120360540;70919;Takenoko;-;604252;Bureau de Juegos Spanish edition;Own,Wanttoplay;2;4;2,3,4;3;45;45;1.97;240;13/9/2024;-;7.2;439;20.11;
143669866;373636;Takenokolor;-;-;-;Own,Wanttoplay;2;4;2,3,4;3;20;30;1;0;-;-;5.7;13766;2;
120348423;13115;Taki;-;498699;Spanish edition;Own;2;10;2,3,4,5,6;4;30;30;1;110;6/9/2024;-;5.6;26352;13.23;
120354899;390169;Tanxi;-;664057;Spanish edition;Own;3;5;4,5;4;60;80;2.33;100;6/9/2024;-;7.7;15145;0;
121917912;286096;Tapestry;-;470417;Spanish edition;Own,Wanttoplay;1;5;1,2,3,4;3;90;120;2.97;160;16/9/2025;-;7.4;296;59.65;
121054710;129556;Tapple;-;-;-;Own,Wanttoplay;2;10;2,3,4,5,6,7,8;4,5,6;30;30;1.02;90;13/9/2024;-;6.4;3328;8.29;
135517833;393190;Task Team;-;-;-;Own;3;18;3,4,5,6,7,8,9,10,11,12;6;20;20;1;760;17/9/2025;-;6.6;15335;0;
135517840;393190;Task Team;-;-;-;Own,Wanttoplay;3;18;3,4,5,6,7,8,9,10,11,12;6;20;20;1;760;17/9/2025;-;6.6;15335;0;
136580269;54173;Build A House;-;-;-;Own;2;8;-;-;30;30;1;175;19/9/2025;-;3.3;0;0;
131414487;30869;Thebes;-;733353;Spanish/Portuguese edition;Own,Wanttoplay;2;4;2,3,4;3,4;60;60;2.15;0;-;-;7.1;757;15.17;
120348426;22061;TEG: La Revancha;-;144927;Yetem S.A. anniversary edition;Own;2;6;3,4,5,6;4;240;240;2.64;0;-;-;6.2;17733;0;
120348431;372205;Teléfono Descompuesto;-;634917;Spanish first edition;Own;6;12;-;-;45;60;0;40;13/9/2024;-;7;0;0;
133697487;372205;Teléfono Descompuesto;-;733695;Spanish second edition;Own;6;12;-;-;45;60;0;40;13/9/2024;-;7;0;0;
130096368;46213;Telestrations;-;370335;Spanish edition;Own,Wanttoplay;4;8;5,6,7,8;8;30;30;1.07;15;4/4/2025;-;7.4;348;8.44;
120467917;335609;TEN;-;646648;Spanish/Catalan/Portuguese/Italian edition;Own,Wanttoplay;1;5;2,3,4,5;4;15;30;1.44;770;17/9/2025;-;7;1599;7.44;
120475172;255045;Tercer Tiempo;-;409619;Spanish edition;Prevowned,Wanttoplay;2;6;-;-;30;140;0;0;-;-;6;0;0;
120360453;336929;Land vs Sea;-;657673;Spanish edition;Own,Wanttoplay;2;4;2,3,4;2;40;40;1.75;70;6/9/2024;-;7;1738;10.69;
120632323;350458;Terracotta Army;-;626733;French edition;Own,Wanttoplay;1;4;2,3,4;3;90;120;3.4;0;-;-;7.4;1693;22.43;
120348442;167791;Terraforming Mars;-;340818;Spanish edition;Own;1;5;1,2,3,4;3;120;120;3.27;0;-;-;8.3;9;53.71;
120360991;167791;Terraforming Mars;-;340818;Spanish edition;Own,Wanttoplay;1;5;1,2,3,4;3;120;120;3.27;0;-;-;8.3;9;53.71;
120359320;296108;Terraforming Mars: The Dice Game;-;688859;Spanish edition;Own,Wanttoplay;1;4;1,2,3,4;2;45;45;2.42;120;13/9/2024;-;7.3;1038;23.12;
120359328;328871;Terraforming Mars: Ares Expedition;-;576354;Spanish edition;Own,Wanttoplay;1;4;1,2,3,4;3;45;60;2.92;130;13/9/2024;-;7.6;189;22.94;
141741218;371433;Terrorscape;-;720854;Spanish edition;Own,Wanttoplay;2;4;2,3,4;2,4;30;45;2.27;0;-;-;8.1;619;248.41;
121243907;235655;Dragon's Breath;-;409699;Multilingual edition (Spanish packaging);Own,Wanttoplay;2;4;2,3,4;3,4;15;20;1.05;550;6/9/2024;-;6.6;3231;10.97;
123551781;344258;That Time You Killed Me;-;654706;Spanish edition;Own;2;2;2;2;15;30;2.33;70;2/10/2024;-;7.3;1459;27.29;
140270103;358216;Thorgal: The Board Game;-;656407;Spanish edition;Own,Wanttoplay;1;4;1,2,3;1,2;90;120;3.19;0;-;-;7.5;4496;64.88;
120467264;291845;Three Sisters;-;648835;Spanish edition;Own,Wanttoplay;1;4;1,2,3,4;2,3;30;60;2.64;755;17/9/2025;-;7.5;735;20.97;
120359768;182028;Through the Ages: A New Story of Civilization;-;321762;Spanish edition;Own,Wanttoplay;2;4;2,3,4;3;120;120;4.44;530;13/9/2024;-;8.2;18;35.64;
120348451;274533;Throw Throw Burrito;-;578309;Spanish edition;Own;2;6;3,4,5,6;4,5,6;15;15;1.1;470;16/9/2025;-;6.2;3780;11.64;
124184788;274533;Throw Throw Burrito;-;578309;Spanish edition;Own,Wanttoplay;2;6;3,4,5,6;4,5,6;15;15;1.1;470;16/9/2025;-;6.2;3780;11.64;
139137846;342070;Thunder Road: Vendetta;-;753684;Spanish edition;Own,Wanttoplay;2;4;3,4;4;45;75;1.96;0;-;-;7.9;229;63.71;
144143208;30539;Get Bit!;-;-;-;Own,Wanttoplay;2;7;3,4,5,6;5,6;10;20;1.12;0;-;-;6.1;3440;9.84;
144144001;30539;Get Bit!;-;-;-;Own;2;7;3,4,5,6;5,6;10;20;1.12;0;-;-;6.1;3440;9.84;
133447137;438940;Tic Tac Trek;-;745871;English edition;Own,Wanttoplay;2;2;2;2;15;20;1.11;0;-;-;7.1;5719;7.72;
144680218;215;Tichu;-;699967;Maldito Games Spanish edition;Own;3;10;4;4;30;90;2.35;0;-;-;7.6;249;10.27;
145242321;215;Tichu;-;699967;Maldito Games Spanish edition;Own,Wanttoplay;3;10;4;4;30;90;2.35;0;-;-;7.6;249;10.27;
120361414;309113;Ticket to Ride: Amsterdam;-;507636;English edition;Own,Wanttoplay;2;4;2,3,4;4;10;15;1.47;580;13/9/2024;-;6.9;2636;10.32;
120344151;14996;Ticket to Ride: Europe;-;410496;English edition 2015;Own;2;5;2,3,4,5;4;30;60;1.92;300;6/9/2024;-;7.5;177;16.9;
120348470;276894;Ticket to Ride: London;-;451831;English edition 2019;Own;2;4;2,3,4;3;10;15;1.35;180;6/9/2024;-;7;1160;7.89;
120467496;276894;Ticket to Ride: London;-;709783;English edition 2021;Prevowned,Wanttoplay;2;4;2,3,4;3;10;15;1.35;180;6/9/2024;-;7;1160;7.89;
120361415;253284;Ticket to Ride: New York;-;406654;English edition;Own,Wanttoplay;2;4;2,3,4;3;10;15;1.26;560;13/9/2024;-;6.9;1261;5.87;
140218853;266722;Rumble Nation;-;755907;Spanish deluxe edition;Own,Wanttoplay;2;4;2,3,4;4;20;40;1.83;0;-;-;7.4;1115;24.97;
120360269;17329;Animal Upon Animal;-;297789;German third edition;Own,Wanttoplay;2;4;2,3,4;4;15;15;1.04;240;6/9/2024;-;6.8;1361;8.66;
140801644;420813;TIER LIST;-;713568;Spanish Edition;Own,Wanttoplay;5;10;-;-;20;30;1.6;185;9/2/2026;-;7;20275;0;
140464406;423632;Asian Tigers: A Story of Prosperity;-;732271;Spanish edition;Own,Wanttoplay;1;4;1,2,3,4;4;120;120;3.72;0;-;-;7.2;4784;35.59;
121778396;54;Tikal;-;302306;Super Meeple French edition;Own,Wanttoplay;2;4;2,3,4;4;90;90;2.78;0;-;-;7.3;379;17.98;
120765229;351913;Tiletum;-;631721;Spanish edition;Own,Wanttoplay;1;4;1,2,3;2,3;60;100;3.38;250;19/8/2025;-;7.9;285;30.2;
142256940;236217;Time Bomb;-;-;-;Own;4;8;4,5,6,7,8;6;1;30;1.07;355;7/2/2026;-;7.1;2016;11.17;
144382307;236217;Time Bomb;-;-;-;Own;4;8;4,5,6,7,8;6;1;30;1.07;355;7/2/2026;-;7.1;2016;11.17;
120354939;231748;Time Bomb Evolution;-;475076;English-only edition;Own;4;6;4,5,6;6;25;30;1.69;350;18/9/2024;-;6.7;4609;12.17;
121009909;231748;Time Bomb Evolution;-;479448;Spanish edition;Prevowned,Wanttoplay;4;6;4,5,6;6;25;30;1.69;350;18/9/2024;-;6.7;4609;12.17;
132588941;102631;Tinco;-;741576;Multilingual edition;Own;3;6;4,5,6;6;20;20;1.23;240;1/7/2025;-;6.7;9739;9.9;
132588946;102631;Tinco;-;741576;Multilingual edition;Own,Wanttoplay;3;6;4,5,6;6;20;20;1.23;240;1/7/2025;-;6.7;9739;9.9;
120734605;295192;Tinderblox;-;482962;"English ""day"" edition";Own,Wanttoplay;2;6;2,3,4,5,6;3,4;3;15;1;680;19/9/2024;-;6.8;2363;8.42;
120359706;265736;Tiny Towns;-;469318;Spanish edition;Own,Wanttoplay;1;6;1,2,3,4,5;3;45;60;2.06;60;6/9/2024;-;7.2;524;19.52;
120360455;329862;Tiny Turbo Cars;-;645409;Spanish edition;Own,Wanttoplay;2;4;2,3,4;4;30;45;1.8;0;-;-;6.4;6839;22.07;
143669872;378983;Tipperary;-;-;-;Own,Wanttoplay;2;5;1,2,3,4,5;2,3;45;45;1.9;0;-;-;7.2;3058;27.01;
138052611;343433;Tír na nÓg;-;-;-;Own,Wanttoplay;1;5;1,2,3,4,5;1,3;30;45;2.21;0;-;-;7.4;2922;41;
136390900;218722;5 Second Rule: Uncensored;-;-;-;Own;3;99;2,3,4,5,6,7,8;5;30;45;1.25;240;16/9/2025;-;5.1;30172;8.5;
124627458;267979;Tiwanaku;-;702818;French edition;Own,Wanttoplay;1;4;1,2,3,4;-;30;60;2.19;390;29/10/2024;-;7.2;2342;39.42;
130737309;42215;Tobago;-;742554;Spanish edition;Own;2;4;2,3,4;4;60;60;2.13;270;20/8/2025;-;7.1;715;34.67;
130737327;42215;Tobago;-;742554;Spanish edition;Own,Wanttoplay;2;4;2,3,4;4;60;60;2.13;270;20/8/2025;-;7.1;715;34.67;
136390906;9599;Let's Eat Out;-;-;-;Own;2;4;-;-;10;10;1;215;17/9/2025;-;3.7;0;0;
120354944;123540;Tokaido;-;368203;English fifth anniversary edition, first printing;Own;1;5;2,3,4,5;4;45;45;1.74;15;13/9/2024;-;6.9;840;18.15;
120467301;123540;Tokaido;-;368203;English fifth anniversary edition, first printing;Prevowned,Wanttoplay;1;5;2,3,4,5;4;45;45;1.74;15;13/9/2024;-;6.9;840;18.15;
120855240;363183;Tokaido Duo;-;641448;French edition;Own,Wanttoplay;2;2;2;2;20;30;1.84;240;6/9/2024;-;7.4;1752;16.41;
125229988;261901;Tokyo Highway;-;423922;English edition;Own,Wanttoplay;2;4;2,3,4;4;30;30;1.45;60;9/11/2024;-;6.8;0;18.31;
130140062;300905;Top Ten;-;728614;Maldón Spanish edition;Own,Wanttoplay;4;9;4,5,6,7,8,9;6,7,8;30;30;1.08;50;4/1/2025;-;7.4;792;10.39;
130140067;300905;Top Ten;-;616624;Spanish edition;Prevowned,Wanttoplay;4;9;4,5,6,7,8,9;6,7,8;30;30;1.08;50;4/1/2025;-;7.4;792;10.39;
130810749;300905;Top Ten;-;728614;Maldón Spanish edition;Own;4;9;4,5,6,7,8,9;6,7,8;30;30;1.08;50;4/1/2025;-;7.4;792;10.39;
120348480;346140;Topo;-;577466;Spanish edition;Own;3;3;-;-;0;0;0;240;13/9/2024;-;6;0;0;
120475167;346140;Topo;-;577466;Spanish edition;Prevowned,Wanttoplay;3;3;-;-;0;0;0;240;13/9/2024;-;6;0;0;
132588816;359063;Toque y Gol;-;604000;Spanish edition;Own;2;2;-;-;15;30;0;0;-;-;0;0;0;
137656246;454592;Torito;-;773924;Spanish edition;Own;3;6;6;6;20;20;0;375;18/11/2025;-;7.6;0;0;
136390958;471;Totem;-;-;-;Own;2;4;4;4;90;90;2.36;0;-;-;5.5;26963;15.97;
140801669;288276;Tough Calls: Dystopia;-;470437;Spanish edition;Own;3;5;3,4,5;5;45;60;1.17;0;-;-;7.3;9757;7.21;
135280856;393307;Tower Up;-;669171;EN/FR/SP edition;Own,Wanttoplay;2;4;2,3,4;3,4;30;45;1.85;220;16/9/2025;-;7.3;1498;23.5;
132819601;434654;Toy Battle;-;759394;Spanish edition;Own,Wanttoplay;2;2;2;2;15;15;1.46;305;1/7/2025;-;7.8;402;21.43;
124667735;283864;Trails of Tucana;-;516899;French edition;Own,Wanttoplay;1;8;1,2,3,4,5,6,7,8;3,4,5;15;15;1.27;320;16/9/2025;-;7.4;799;22.18;
140218768;288513;Tranquility;-;570466;Spanish edition;Own,Wanttoplay;1;5;1,2,3,4;2;15;20;1.34;0;-;-;6.9;1654;12.36;
137720541;429860;Transgalactica;-;729790;English/Spanish edition;Own,Wanttoplay;2;5;2,3,4;4;100;100;3.62;0;-;-;6.4;7394;27.3;
135120541;282171;Trial by Trolley;-;539755;Spanish edition;Own,Wanttoplay;3;13;3,4,5,6,7,8,9,10;5,7;30;90;1.02;340;20/8/2025;-;6;5090;20.11;
120348488;257527;Trapwords;-;445718;Spanish edition;Own;4;8;4,5,6,7,8;6;30;45;1.42;250;13/9/2024;-;7;1615;7.01;
120348492;182189;Treasure Hunter;-;589660;Catalan/Italian/Portuguese/Spanish edition;Own;2;6;3,4,5,6;4;40;40;1.89;170;6/9/2024;-;6.7;2166;9.5;
137730100;353288;Trekking Through History;-;713471;Spanish edition;Own,Wanttoplay;1;4;1,2,3,4;3;30;60;1.77;80;8/2/2026;-;7.5;543;20.23;
120360512;258104;Tribes: Dawn of Humanity;-;462318;Spanish edition;Own,Wanttoplay;2;4;2,3,4;3,4;45;45;2.05;0;-;-;6.7;4271;13.27;
124184739;352515;Trio;-;727238;Devir Spanish edition;Own,Wanttoplay;3;6;3,4,5,6;4,5;15;15;1.08;290;19/10/2024;-;7.4;494;10.98;
122521319;4040;Triominó;-;-;-;Own;2;4;2,3,4;3,4;30;30;1.37;400;13/9/2024;-;5.4;30249;4.91;
120354955;402299;Triplets;-;682493;Spanish first edition;Own;2;6;3,4,5;-;15;15;1;130;13/9/2024;-;7.6;0;0;
130810818;402299;Triplets;-;682493;Spanish first edition;Own;2;6;3,4,5;-;15;15;1;130;13/9/2024;-;7.6;0;0;
132081859;386728;TrisTristisTigris;-;756365;Ludoty Spanish edition;Own;2;6;2,3,4,5,6;4;20;20;1;0;-;-;6.9;15973;0;
120354953;398628;Trovehamburgo;-;676819;Spanish edition;Own;2;4;-;-;15;30;1.5;0;-;-;7.3;0;0;
120361956;73439;Troyes;-;514060;French/English edition, second printing;Own,Wanttoplay;1;4;2,3,4;3;90;90;3.37;430;3/2/2026;-;7.7;142;33.71;
126216543;19969;Truco;-;-;-;Own;2;6;2,4,6;4,6;15;15;1.94;710;6/12/2024;-;7.2;7641;15.95;
126216546;19969;Truco;-;-;-;Own;2;6;2,4,6;4,6;15;15;1.94;710;6/12/2024;-;7.2;7641;15.95;
126216549;19969;Truco;-;-;-;Own;2;6;2,4,6;4,6;15;15;1.94;710;6/12/2024;-;7.2;7641;15.95;
126216551;19969;Truco;-;-;-;Own;2;6;2,4,6;4,6;15;15;1.94;710;6/12/2024;-;7.2;7641;15.95;
120361218;142124;Tsukiji;-;426692;Bureau De Juegos Spanish edition;Own,Wanttoplay;2;4;2,3,4;4;20;30;1.94;0;-;-;7.2;3903;16.78;
122523434;16992;Tsuro;-;664745;Calliope multilingual edition 2020;Own,Wanttoplay;2;8;2,3,4,5,6,7,8;4,6;15;20;1.22;30;6/9/2024;-;6.7;1240;11.4;
120348497;318678;Tu Letra;-;525216;Spanish edition;Own;3;6;-;-;20;30;1;720;9/10/2024;-;6;0;0;
120475155;318678;Tu Letra;-;525216;Spanish edition;Own,Wanttoplay;3;6;-;-;20;30;1;720;9/10/2024;-;6;0;0;
120361974;118048;Targi;-;592192;Spanish second edition;Own,Wanttoplay;2;2;2;2;60;60;2.34;50;6/9/2024;-;7.6;173;13.15;
120348502;318556;Tucano;-;590501;Spanish edition;Own;2;4;2,3,4;-;15;15;1.08;445;19/9/2024;-;6.4;4764;19.56;
120361408;318556;Tucano;-;590501;Spanish edition;Own,Wanttoplay;2;4;2,3,4;-;15;15;1.08;445;19/9/2024;-;6.4;4764;19.56;
120974215;16747;Tumblin' Dice;-;-;-;Own,Wanttoplay,Preordered;1;6;2,3,4,5,6;4,6;20;45;1.05;190;6/9/2024;-;7.3;912;67.14;
121918282;356123;Turing Machine;-;686615;Spanish edition;Own,Wanttoplay;1;4;1,2,3,4;1;20;20;2.54;480;16/9/2025;-;7.6;321;19.75;
120358975;257614;Tussie Mussie;-;511687;Spanish Wallet edition;Own,Wanttoplay;2;4;1,2,3,4;2;20;30;1.15;60;18/9/2024;-;6.9;1451;9.16;
129627419;233078;Twilight Imperium: Fourth Edition;-;365664;Spanish edition;Own,Wanttoplay;3;6;3,4,5,6;6;240;480;4.35;520;19/8/2025;-;8.6;7;120.97;
120361127;12333;Twilight Struggle;-;240207;Spanish second edition;Own,Wanttoplay;2;2;2;2;120;180;3.62;440;16/8/2025;-;8.2;14;42;
120348511;126163;Tzolk'in: The Mayan Calendar;-;393676;Portuguese/Spanish edition;Own;2;4;2,3,4;4;90;90;3.66;300;6/9/2024;-;7.8;73;39.38;
120361734;126163;Tzolk'in: The Mayan Calendar;-;393676;Portuguese/Spanish edition;Prevowned,Wanttoplay;2;4;2,3,4;4;90;90;3.66;300;6/9/2024;-;7.8;73;39.38;
120354962;16986;Ubongo;-;33229;Spanish edition;Own;1;4;2,3,4;4;25;25;1.49;55;6/9/2024;-;6.7;1543;10.84;
120467869;16986;Ubongo;-;338495;Devir Iberian edition;Own,Wanttoplay;1;4;2,3,4;4;25;25;1.49;55;6/9/2024;-;6.7;1543;10.84;
138052647;28258;Ubongo Mini;-;84516;Spanish edition;Own,Wanttoplay;1;4;1,2,3,4;4;10;10;1.17;140;23/1/2026;-;5.6;16865;6.34;
122666062;106753;Ooga Booga;-;-;-;Own;3;6;3,4,5,6;5,6;10;10;1.02;915;19/9/2024;-;6;8119;10;
120354981;106753;Ooga Booga;-;168494;Spanish edition;Own;3;6;3,4,5,6;5,6;10;10;1.02;915;19/9/2024;-;6;8119;10;
120354985;329591;Ultimate Railroads;-;607187;Spanish/Portuguese edition;Own;1;4;1,2,3,4;-;90;120;3.26;540;13/9/2024;-;8.4;0;60.35;
120361188;329591;Ultimate Railroads;-;607187;Spanish/Portuguese edition;Own,Wanttoplay;1;4;1,2,3,4;-;90;120;3.26;540;13/9/2024;-;8.4;0;60.35;
124667759;351040;Ready Set Bet;-;704143;Spanish edition;Own,Wanttoplay;2;9;4,5,6,7,8,9;6,7,8;45;60;1.33;400;28/10/2024;-;7.5;440;36.44;
136391021;396803;It's Complicated: Board-Game-In-A-Poster;-;-;-;Own;2;2;-;-;5;45;0;0;-;-;5;0;0;
120347814;350589;Una Que Pensamos Todes;-;586475;Spanish edition;Own;2;10;6,7,8,9,10;10;15;30;1;115;19/9/2024;-;6.5;0;0;
139733293;350589;Una Que Pensamos Todes;-;783439;Spanish Wallet edition;Own;2;10;6,7,8,9,10;10;15;30;1;115;19/9/2024;-;6.5;0;0;
120360159;12157;Unanimo;-;554752;Zacatrus Spanish edition;Own,Wanttoplay;3;8;4,5,6,7,8;6,7,8;30;30;1.16;250;13/9/2024;-;7.1;3219;7;
122634943;12157;Unanimo;-;721121;Maldón Spanish edition;Own;3;8;4,5,6,7,8;6,7,8;30;30;1.16;250;13/9/2024;-;7.1;3219;7;
130810767;12157;Unanimo;-;721121;Maldón Spanish edition;Own;3;8;4,5,6,7,8;6,7,8;30;30;1.16;250;13/9/2024;-;7.1;3219;7;
120360161;261614;Unanimo Party;-;638827;Spanish edition;Own,Wanttoplay;3;12;4,5,6,7,8,9,10,12;6,7;30;30;1;240;14/9/2024;-;7.1;5255;0;
130795197;261614;Unanimo Party;-;745911;Maldón Spanish edition;Own;3;12;4,5,6,7,8,9,10,12;6,7;30;30;1;240;14/9/2024;-;7.1;5255;0;
130810768;261614;Unanimo Party;-;745911;Maldón Spanish edition;Own;3;12;4,5,6,7,8,9,10,12;6,7;30;30;1;240;14/9/2024;-;7.1;5255;0;
124427396;329500;Unconscious Mind;-;639060;Spanish edition;Own,Wanttoplay;1;4;1,2,3;2,3;60;120;4.02;570;16/8/2025;-;7.9;310;100.96;
138610491;401978;Undaunted 2200: Callisto;-;-;-;Own,Wanttoplay;1;4;1,2,4;2;45;60;2.8;0;-;-;7.7;2616;37.9;
120361944;268864;Undaunted: Normandy;-;481042;Spanish edition;Own,Wanttoplay;2;2;2;2;45;60;2.27;250;6/9/2024;-;7.8;181;22.99;
139133527;458814;Under Forest;-;781328;Spanish edition;Own;1;4;-;-;25;25;1.5;95;1/2/2026;-;7.6;0;0;
139133534;458814;Under Forest;-;781328;Spanish edition;Own;1;4;-;-;25;25;1.5;95;1/2/2026;-;7.6;0;0;
139133538;458814;Under Forest;-;781328;Spanish edition;Prevowned,Wanttoplay;1;4;-;-;25;25;1.5;95;1/2/2026;-;7.6;0;0;
137730046;247763;Underwater Cities;-;417451;Spanish edition;Own,Wanttoplay;1;4;1,2,3;2;80;150;3.59;0;-;-;8;51;51.39;
120354991;245658;Unicorn Fever;-;530335;Spanish edition;Own;2;6;2,3,4,5,6;4;40;40;2.29;150;6/9/2024;-;7;2546;39.85;
138532828;455101;Unlock!: Enchanted Adventures;-;-;-;Own,Wanttoplay;1;6;1,2,3;2;60;60;2;0;-;-;7;8416;22.01;
121233630;294612;Unlock!: Epic Adventures;-;516398;Spanish edition;Own,Wanttoplay,Preordered;1;6;1,2,3,4;2;60;60;2.12;90;16/10/2024;-;7.6;962;11.37;
123129927;294612;Unlock!: Epic Adventures;-;516398;Spanish edition;Own,Wanttoplay;1;6;1,2,3,4;2;60;60;2.12;90;16/10/2024;-;7.6;962;11.37;
123129908;213460;Unlock!: Escape Adventures;-;356868;Spanish edition;Own,Wanttoplay;2;6;1,2,3,4;2;45;75;2.12;30;15/1/2025;-;7.3;697;24.82;
120360001;254226;Unlock!: Exotic Adventures;-;437388;Spanish edition;Own,Wanttoplay;1;6;1,2,3,4;2;60;90;2.2;70;19/8/2025;-;7.3;1566;12.52;
120360013;374400;Unlock!: Extraordinary Adventures;-;686521;Spanish edition;Own,Wanttoplay;1;6;1,2,3,4;2;60;90;2.11;130;19/8/2025;-;7.5;3281;17.01;
120467896;350636;Unlock!: Game Adventures;-;644619;Spanish edition;Own,Wanttoplay;1;6;1,2,3;2;30;60;2.36;60;6/9/2024;-;7.8;1224;15.82;
120359997;266121;Unlock!: Heroic Adventures;-;457909;Spanish edition;Own,Wanttoplay;1;6;1,2,3,4;2;60;60;2.24;50;6/9/2024;-;7.6;722;11.2;
120359982;327056;Unlock! Kids: Detective Stories;-;635912;Spanish edition;Own,Wanttoplay;1;4;1,2,3;2;20;60;1.5;80;13/9/2024;-;7.6;2060;11.74;
140219172;402200;Unlock! Kids: Legendary Stories;-;733245;Spanish edition;Own,Wanttoplay;1;4;-;-;20;20;2;0;-;-;7.2;8988;10;
120359992;330084;Unlock!: Legendary Adventures;-;601918;Spanish edition;Own,Wanttoplay;1;6;1,2,3,4;2;60;60;2.24;110;6/9/2024;-;7.5;2110;13.56;
120359975;368036;Unlock!: Short Adventures – The Flight of the Angel;-;673699;Spanish edition;Own,Wanttoplay;1;6;1,2,3;2;30;30;1.92;390;19/9/2024;-;7.3;4102;7.59;
144143151;448291;Unlock!: Short Adventures – The Song of the Sea Spray;-;762707;Spanish edition;Own,Wanttoplay;1;6;1,2,3;1,2;30;45;2;0;-;-;6.3;11194;5.75;
120359981;368035;Unlock!: Short Adventures – The Secrets of the Octopus;-;674170;Spanish edition;Own,Wanttoplay;1;6;1,2,3,4;2;30;60;2.3;398;19/9/2024;-;7;4879;4.33;
135120906;368039;Unlock!: Short Adventures – Secret Recipes of Yore;-;673697;Spanish edition;Own,Wanttoplay;1;6;1,2,3;2;30;30;1.67;388;23/1/2026;-;6.6;5872;4.27;
120359979;257707;Unlock!: Short Adventures – In Pursuit of Cabrakan;-;673701;Spanish edition;Own,Wanttoplay;1;6;1,2,3;2;30;30;2;394;19/9/2024;-;6.9;4593;10.37;
138410146;392192;Unlock!: Short Adventures – The Birmingham Murder;-;722409;Spanish edition;Own,Wanttoplay;1;6;1,2,3;2;30;60;2;396;23/1/2026;-;7.2;5224;7.82;
135120903;391995;Unlock!: Short Adventures – Red Mask;-;722410;Spanish edition;Own,Wanttoplay;1;6;1,2,3;2;30;60;2.33;392;23/1/2026;-;7.3;5849;5.41;
120359990;228867;Unlock!: Mystery Adventures;-;388109;Spanish edition;Own,Wanttoplay;1;6;1,2,3,4;2;45;75;2.1;120;6/9/2024;-;7.3;1025;11.56;
120359987;302425;Unlock!: Mythic Adventures;-;560377;Spanish edition;Own,Wanttoplay;1;6;1,2,3,4;2;60;60;2.17;40;6/9/2024;-;7.7;1348;13.35;
120360008;239307;Unlock!: Secret Adventures;-;407437;Spanish edition;Own,Wanttoplay;1;6;1,2,3,4;2,3;60;60;2.13;150;6/9/2024;-;7.5;1029;12.4;
123387622;402373;Unlock!: Supernatural Adventures;-;731059;Spanish edition;Own,Wanttoplay;1;6;1,2,3,4;2;30;60;2.3;140;19/5/2025;-;6.6;6089;18.39;
120467283;279613;Unlock!: Timeless Adventures;-;479765;Spanish edition;Own,Wanttoplay;1;6;1,2,3;2;60;90;2.07;80;19/5/2025;-;7.7;817;12.7;
120360025;312267;Unlock!: Star Wars;-;544052;Spanish edition;Own,Wanttoplay;1;6;1,2,3;2;60;60;1.89;100;6/9/2024;-;7;1527;11.13;
123289342;381297;Unmatched Adventures: Tales to Amaze;-;687150;Spanish edition;Own,Wanttoplay;1;4;1,2,3,4;2;20;60;2.32;320;1/10/2024;-;7.9;504;31.33;
122621027;335764;Unmatched: Battle of Legends, Volume Two;-;618855;Spanish edition;Own,Wanttoplay;2;4;2,4;2,4;20;40;2.08;220;6/9/2024;-;8.2;483;20.79;
122790796;274637;Unmatched: Battle of Legends, Volume One;-;548949;Spanish edition;Own,Wanttoplay;2;4;2,4;2;20;40;1.94;210;6/9/2024;-;7.7;295;36.25;
123289286;325635;Unmatched: Little Red Riding Hood vs. Beowulf;-;593977;Spanish edition;Own,Wanttoplay;2;2;2;2;20;20;2;280;1/10/2024;-;8.1;529;13.34;
123289277;294484;Unmatched: Cobble & Fog;-;560297;Spanish edition;Own,Wanttoplay;2;4;2,4;2;20;40;1.97;230;1/10/2024;-;7.9;190;28.15;
123289322;354544;Unmatched: Houdini vs. The Genie;-;650932;Spanish edition;Own,Wanttoplay;2;2;2;2;20;20;2.26;250;1/10/2024;-;8.2;975;13.99;
122790807;274638;Unmatched: Robin Hood vs. Bigfoot;-;555693;Spanish edition;Own,Wanttoplay;2;2;2;2;20;20;1.94;300;6/9/2024;-;7.9;422;37.27;
133019586;415945;Unmatched: Slings and Arrows;-;717154;Spanish edition;Own,Wanttoplay;2;4;2,4;2,4;20;40;2.42;240;2/7/2025;-;8.4;1621;21.5;
123387628;383469;Unmatched: Sun's Origin;-;717153;Spanish edition;Own,Wanttoplay;2;2;2;2;20;40;2;290;4/1/2025;-;8.3;1863;15.82;
137730064;411861;Unmatched: The Witcher – Realms Fall;-;-;-;Own,Wanttoplay;2;3;2;2;20;40;2.38;260;31/1/2026;-;8.5;3071;0;
137730060;411860;Unmatched: The Witcher – Steel and Silver;-;-;-;Own,Wanttoplay;2;3;2,3;2;20;40;2.29;270;31/1/2026;-;8.4;2612;40.7;
120348520;2223;UNO;-;531586;Ruibal Spanish edition;Own;2;10;3,4,5,6,7,8;4,5,6;30;30;1.1;160;6/9/2024;-;5.5;30439;11.8;
120348532;271460;UNO Flip!;-;609987;DUT/ENG/FRE/GER/SPA edition;Own;2;10;2,3,4,5,6,7;4;30;30;1.25;150;6/9/2024;-;6.3;4007;1.75;
127082407;399088;UNO: Show 'Em No Mercy;-;693421;EN/FR/DE/IT/ES edition;Own;2;6;3,4,5,6;4,5;15;30;1.48;340;8/2/2026;-;6.1;8022;0;
141236692;399088;UNO: Show 'Em No Mercy;-;693421;EN/FR/DE/IT/ES edition;Own;2;6;3,4,5,6;4,5;15;30;1.48;340;8/2/2026;-;6.1;8022;0;
135154855;330568;UNO: Star Wars;-;733560;English/Spanish edition 2021;Own;2;10;-;-;30;30;1;0;-;-;5.9;25668;0;
129738021;387248;Unrest;-;-;-;Own,Wanttoplay;2;2;2;2;10;20;2;740;17/9/2025;-;6.5;8027;7.34;
133878840;426994;Urbion (Second Edition);-;745359;Spanish edition;Own,Wanttoplay;1;2;1;1;30;30;1.75;34;19/9/2025;-;7.7;6060;21.09;
120355464;368229;Utópolis;-;626505;Spanish edition;Own;1;6;1,2,3,4,5,6;3,4,5;30;70;2.71;280;6/9/2024;-;8.5;11132;0;
120469043;10672;Easy Come, Easy Go;-;555766;Spanish edition;Own,Wanttoplay;2;4;2,3,4;3;20;30;1.02;35;13/9/2024;-;6;10397;7.99;
120348539;261262;Blöde Kuh;-;483318;Spanish edition;Own;3;6;3,4,5,6;4,5,6;15;25;1.13;300;19/9/2024;-;6.5;7586;12.8;
120358990;322703;Death Valley;-;592818;Spanish Wallet edition;Own,Wanttoplay;1;2;1,2;2;15;15;1.81;30;18/9/2024;-;6.7;3442;14.99;
120348547;277410;Veggies;-;601617;Multilingual edition;Own;2;4;2,3,4;3,4;10;20;1.44;180;19/9/2024;-;6.7;5764;5.93;
120361539;277410;Veggies;-;601617;Multilingual edition;Own,Wanttoplay;2;4;2,3,4;3,4;10;20;1.44;180;19/9/2024;-;6.7;5764;5.93;
132588934;366997;Venturesome;-;720445;Multilingual edition;Own;2;5;2,3,4,5;3,4;30;30;1.92;200;1/7/2025;-;6.6;7271;10.2;
135120939;366997;Venturesome;-;720445;Multilingual edition;Own,Wanttoplay;2;5;2,3,4,5;3,4;30;30;1.92;200;1/7/2025;-;6.6;7271;10.2;
120360369;334065;Verdant;-;626549;Spanish edition;Own,Wanttoplay;1;5;1,2,3,4;2,3;45;60;2.08;60;6/9/2024;-;7.3;761;16.17;
120355016;351621;Versus: The Gleaners vs Paris Street – Rainy Day;-;588340;Spanish edition;Own;2;2;-;-;20;40;0;90;13/9/2024;-;7.3;0;0;
120348552;324246;Journey to the Center of the Earth;-;562297;Top Toys Spanish edition;Own;1;50;1,2,3,4,5,6,7,8,9,10,11,12,13,14,15,16,17,18,19,20,21,22,23,24,25,26,27,28,29,30;-;20;20;1.8;0;-;-;6.4;7298;26.6;
120468991;324246;Journey to the Center of the Earth;-;562297;Top Toys Spanish edition;Prevowned,Wanttoplay;1;50;1,2,3,4,5,6,7,8,9,10,11,12,13,14,15,16,17,18,19,20,21,22,23,24,25,26,27,28,29,30;-;20;20;1.8;0;-;-;6.4;7298;26.6;
120361942;43570;Friday;-;234395;Spanish edition 2014;Own,Wanttoplay;1;1;1;1;25;25;2.16;0;-;-;7.1;591;7.22;
124667752;365056;Village: Big Box;-;652326;French edition;Own,Wanttoplay;1;5;1,2,3,4,5;4;90;150;3.14;0;-;-;7.8;0;42.75;
120358715;300583;Village Green;-;577830;Spanish edition;Own,Wanttoplay;1;5;1,2,3,4;2;30;30;1.96;940;17/9/2025;-;6.9;2283;9.42;
120358718;241724;Villagers;-;469322;Spanish edition;Own,Wanttoplay;1;5;1,2,3,4;3;30;60;2.23;900;17/9/2025;-;7.1;916;31.31;
120348557;180020;Virus!;-;395874;El Dragón Azul Spanish first edition;Own;2;6;3,4,5;4;20;20;1.06;90;18/9/2024;-;6.7;1870;12.07;
120467990;180020;Virus!;-;395874;El Dragón Azul Spanish first edition;Prevowned,Wanttoplay;2;6;3,4,5;4;20;20;1.06;90;18/9/2024;-;6.7;1870;12.07;
128416625;180020;Virus!;-;482903;El Dragón Azul Spanish second edition;Own;2;6;3,4,5;4;20;20;1.06;90;18/9/2024;-;6.7;1870;12.07;
120475160;266667;Virus! 2 Evolution;Y;482902;El Dragón Azul Spanish edition;Prevowned,Wanttoplay;2;6;2,3,4,5,6;4;20;20;1.36;92;18/9/2024;-;7;0;12.5;
133853071;417719;Virus!: Roll & Write;-;707693;English/Spanish edition;Own;2;4;2,3,4;4;20;20;1.89;400;16/9/2025;-;7.2;8469;12.77;
120359086;183394;Viticulture Essential Edition;-;330930;Spanish edition;Own,Wanttoplay;1;6;1,2,3,4,5;3,4;45;90;2.9;40;3/9/2024;-;8;44;40.92;
120359948;296151;Viscounts of the West Kingdom;-;498447;Spanish edition;Own,Wanttoplay;1;4;1,2,3,4;3;60;90;3.46;500;6/9/2024;-;7.8;197;40.95;
130810619;356039;Volto;-;598269;Multilingual edition;Own,Wanttoplay;2;2;2;2;5;5;1.73;70;4/4/2025;-;6.6;7393;0;
137017197;311900;Votes for Women;-;748554;Spanish edition;Own,Wanttoplay;1;4;1,2,3;2;60;75;2.32;0;-;-;7.5;2469;43.59;
144272049;127684;Walkers;-;-;-;Own;2;6;4;4;90;90;0;0;-;-;8.3;0;0;
120348597;351540;Walkie Talkie;-;588154;Multilingual edition;Own;2;8;2,3,4,5,6;4;1;4;1.08;140;19/9/2024;-;5.9;12184;3.12;
120361535;351540;Walkie Talkie;-;588154;Multilingual edition;Own,Wanttoplay;2;8;2,3,4,5,6;4;1;4;1.08;140;19/9/2024;-;5.9;12184;3.12;
133967887;355483;Wandering Towers;-;649898;English edition;Own,Wanttoplay;1;6;3,4,5,6;4,5;30;30;1.58;30;16/8/2025;-;7.3;733;27.08;
120361310;249259;War Chest;-;399589;English edition;Own,Wanttoplay;2;4;2,4;2;30;30;2.32;0;-;-;7.8;182;32.77;
120348629;262543;Wavelength;-;485408;Spanish first edition;Own;2;12;4,5,6,7,8,9,10,11,12;6,8;30;45;1.11;80;6/9/2024;-;7.2;528;15.55;
120361927;262543;Wavelength;-;485408;Spanish first edition;Prevowned,Wanttoplay;2;12;4,5,6,7,8,9,10,11,12;6,8;30;45;1.11;80;6/9/2024;-;7.2;528;15.55;
123400093;37728;We Will Rock You;-;727572;Buró Spanish edition;Own;4;12;4,5,6,7,8,9,10,11,12;8,9,10;30;30;1.06;470;19/9/2024;-;6.3;5140;8.14;
128677889;37728;We Will Rock You;-;727572;Buró Spanish edition;Own,Wanttoplay,Preordered;4;12;4,5,6,7,8,9,10,11,12;8,9,10;30;30;1.06;470;19/9/2024;-;6.3;5140;8.14;
120361184;233867;Welcome To...;-;403564;English edition;Own,Wanttoplay;1;100;1,2,3,4,5,6,7,8,9,10;3,4;25;25;1.84;360;16/9/2025;-;7.5;212;14.92;
120355023;219215;Werewords;-;-;-;Own;4;10;4,5,6,7,8,9,10;6,7;10;10;1.15;50;13/9/2024;-;7.1;1007;5;
120348644;201054;What's Up;-;420965;Bureau de Juegos Spanish edition;Own;2;4;2,3,4;-;10;20;1.1;445;18/9/2024;-;5.8;11980;5.45;
120348680;198454;When I Dream;-;377448;Spanish edition;Own;4;10;4,5,6,7,8,9,10;6;20;40;1.19;60;6/9/2024;-;6.9;1329;9.5;
120361207;198454;When I Dream;-;377448;Spanish edition;Own,Wanttoplay;4;10;4,5,6,7,8,9,10;6;20;40;1.19;60;6/9/2024;-;6.9;1329;9.5;
140801940;437167;Where is That?: Europe;-;742359;English/Spanish edition;Own;2;4;2,3,4;2;15;25;1;370;9/2/2026;-;7;14333;0;
140801882;437166;Where is That?: South America;-;742356;English/Spanish edition;Own;2;4;2,3,4;3;15;30;1;372;9/2/2026;-;7.3;0;0;
120632311;301255;Whistle Mountain;-;570375;Spanish edition;Own,Wanttoplay;2;4;2,3,4;3;60;90;3.04;0;-;-;7.5;837;25.48;
120355426;371942;The White Castle;-;634498;CA/EN/IT/PT/ES edition 2023;Own;1;4;1,2,3,4;3;80;80;3.06;300;13/9/2024;-;8;72;26.97;
120361862;371942;The White Castle;-;634498;CA/EN/IT/PT/ES edition 2023;Prevowned,Wanttoplay;1;4;1,2,3,4;3;80;80;3.06;300;13/9/2024;-;8;72;26.97;
141672058;438936;The White Castle Duel;-;745863;CAT/ENG/ITA/POR/SPA edition;Own,Wanttoplay;2;2;2;2;20;40;2.85;290;1/2/2026;-;7.9;2518;17.74;
120475163;401788;The White Castle: Promo 1;Y;684901;English edition;Prevowned,Wanttoplay;1;4;2,3,4;4;80;80;3;0;-;-;7.7;0;16.67;
120475164;402959;The White Castle: Promo 2;Y;683908;Multilingual edition;Prevowned,Wanttoplay;1;4;-;-;80;80;0;0;-;-;7.6;0;9.76;
120359774;244654;Wildlands;-;391521;English edition;Own,Wanttoplay;2;4;2,3,4;4;30;60;2.25;70;13/9/2024;-;7.3;1214;56.45;
120358778;266192;Wingspan;-;434480;Spanish edition;Own,Wanttoplay;1;5;1,2,3,4;3;40;70;2.48;30;13/9/2024;-;8;38;39.31;
120360170;359857;Winter;-;605425;Multilingual edition;Own,Wanttoplay;2;2;2;2;10;10;1.4;110;19/9/2024;-;6.9;5018;7.39;
120360553;303554;Winter Kingdom;-;621129;Spanish edition;Own,Wanttoplay;2;4;2,3,4;-;45;60;2.62;0;-;-;7.3;2985;26.33;
136332538;164236;Witch Hunt;-;-;-;Own;7;22;8,9,10,11,12,13,14,15,16,17,18;10,11,12,13,14;30;90;2;0;-;-;7.4;10725;21.83;
140218716;401325;The Witcher: Path of Destiny;-;775983;Spanish deluxe edition;Own,Wanttoplay;1;5;1,2,3,4,5;3,4;45;90;2.1;0;-;-;7.3;3033;146.15;
134157078;331106;The Witcher: Old World;-;567325;Spanish deluxe edition;Own,Wanttoplay;1;5;1,2,3;2,3;90;150;2.88;35;16/8/2025;-;7.9;327;132.66;
120348589;286428;Wits & Wagers: It's Vegas, Baby!;-;565945;Spanish first edition;Own;5;99;5,6,7,8,9,10,11,12,13,14,15,16,17,18,19,20,21;7,14;30;40;1.12;310;6/9/2024;-;7.4;2448;11.2;
120360153;286428;Wits & Wagers: It's Vegas, Baby!;-;565945;Spanish first edition;Own,Wanttoplay;5;99;5,6,7,8,9,10,11,12,13,14,15,16,17,18,19,20,21;7,14;30;40;1.12;310;6/9/2024;-;7.4;2448;11.2;
140218775;319320;Wok and Roll;-;720345;Spanish edition;Own,Wanttoplay;1;5;1,2,3,4;2,3;30;45;1.84;0;-;-;7;5214;36.65;
131608988;392842;Wonder Bowling (ワンダーボウリング);-;667453;Japanese edition;Own;2;6;2,3,4,5,6;4;15;20;1.06;190;7/5/2025;-;6.9;5044;22.77;
140442083;286706;Word Bank;-;467730;Multilingual edition;Own,Wanttoplay;2;5;3,4;3;15;15;2;0;-;-;6.4;18543;14.42;
125229959;350689;Wormholes;-;677027;French edition;Own,Wanttoplay;1;5;2,3,4,5;3,4;45;45;2.19;0;-;-;7;3171;14.19;
145423591;353411;Wreckland Run;-;760782;Spanish edition;Own,Wanttoplay;1;1;1;1;30;45;2.61;0;-;-;7.1;4243;28.5;
138599443;410201;Wyrmspan;-;697767;Spanish edition;Own,Wanttoplay;1;5;1,2,3,4;3;90;90;2.83;30;8/2/2026;-;8;124;40.17;
120355028;368319;Yacareté;-;626697;Spanish edition;Own;2;6;-;-;10;15;0;650;19/9/2024;-;5.7;0;0;
121659060;351038;Yak;-;587345;English edition;Own,Wanttoplay;2;4;2,3,4;-;30;60;1.82;340;19/8/2025;-;6.4;6539;15.94;
137355202;423231;Yeti Snack!;-;718002;English/Korean edition;Own;2;4;2,3,4;-;15;30;1;120;9/2/2026;-;6.6;20246;0;
131195792;7854;YINSH;-;653994;HUCH! multilingual edition 2021;Own,Wanttoplay;2;2;2;2;30;60;2.62;0;-;-;7.7;258;19.36;
120355032;224271;Yogi;-;585359;Gigamic Spanish edition;Own;3;12;3,4,5,6,7,8,9,10;5,6,7,8;15;20;1.21;240;18/9/2024;-;6.3;6525;3.77;
120348584;269146;Yōkai;-;539165;Buró Spanish edition;Own;2;4;2,3,4;3,4;15;35;1.55;305;18/9/2024;-;6.6;4258;6.88;
120361437;269146;Yōkai;-;539165;Buró Spanish edition;Own,Wanttoplay;2;4;2,3,4;3,4;15;35;1.55;305;18/9/2024;-;6.6;4258;6.88;
126539956;394127;Yokai Pagoda;-;738140;Spanish edition;Own;2;5;2,3,4,5;2,3;10;15;1.42;145;4/1/2025;-;7.5;2827;24.28;
135122760;394127;Yokai Pagoda;-;738140;Spanish edition;Prevowned,Wanttoplay;2;5;2,3,4,5;2,3;10;15;1.42;145;4/1/2025;-;7.5;2827;24.28;
135155112;394127;Yokai Pagoda;-;738140;Spanish edition;Own;2;5;2,3,4,5;2,3;10;15;1.42;145;4/1/2025;-;7.5;2827;24.28;
120360173;371981;Yokai Sketch;-;634553;English/Spanish edition;Own,Wanttoplay;2;2;2;2;20;20;1.21;120;19/9/2024;-;6.8;6161;5.56;
120475162;310145;Yōkai: Tsurube Otoshi;Y;-;-;Prevowned,Wanttoplay;2;4;2,3,4;3,4;15;35;0;0;-;-;7.1;0;0;
120361963;196340;Yokohama;-;358836;2Tomatoes Spanish edition;Own,Wanttoplay;2;4;2,3,4;3;90;90;3.27;200;16/8/2025;-;7.8;156;27.78;
124184725;344254;Yummy Yummy Monster Tummy;-;657674;Spanish edition;Own,Wanttoplay;2;4;2,3,4;3;15;30;1.13;45;19/10/2024;-;7;3859;8.99;
135280872;424219;Zenith;-;719787;French edition;Own,Wanttoplay;2;4;2,4;2;25;35;2.34;400;4/3/2026;-;8;627;36.65;
120355035;528;ZÈRTZ;-;-;-;Own;2;2;2;2;30;60;2.73;330;6/9/2024;-;7.3;1036;14.59;
138410325;381819;Zhanguo: The First Empire;-;717161;Spanish edition;Own,Wanttoplay;1;4;1,2,3,4;3;60;120;3.82;0;-;-;7.9;1666;35.76;
121233259;286751;Zombicide: 2nd Edition;-;574922;Spanish edition;Own,Wanttoplay,Preordered;1;6;1,2,3,4,5,6;3;60;60;2.38;60;13/9/2024;-;7.9;500;123.37;
130874308;331224;Zombicide: Undead or Alive;-;693405;Spanish edition;Own,Wanttoplay,Preordered;1;6;1,2,3,6;3;60;60;2.5;0;-;-;8;1531;155.44;
141359545;383496;Zombicide: White Death;-;-;-;Own,Wanttoplay;1;6;1,2,3,4,6;3;30;180;2.43;0;-;-;7.9;4368;193;
127136814;396795;Zombie Flip;-;674281;Spanish edition;Own,Wanttoplay,Preordered;2;4;-;-;15;15;0;440;4/1/2025;-;7.8;0;0;
120361445;256952;Zombie Kidz Evolution;-;507036;Spanish edition;Own,Wanttoplay;2;4;2,3,4;3,4;15;15;1.38;370;2/10/2024;-;7.6;577;14.58;
138532832;362202;Zombie Kittens;-;708477;Spanish edition;Own;2;5;3,4,5;4,5;15;15;1.22;145;31/1/2026;-;6.6;4606;3.65;
137656588;297244;ゾンビランドサガ 君の心にナイスゲームSAGA (ZombieLand Saga: Kimi no kokoro ni naisugēmu SAGA);-;-;-;Own;1;4;-;-;10;40;2;0;-;-;7;0;0;
120348581;370283;Zondance;-;631154;Spanish edition;Own;2;6;6;6;15;15;1;140;18/9/2024;-;6.3;0;0;
120467471;27588;Zooloretto;-;240697;Z-Man English King of the Beasts edition 2014;Own,Wanttoplay;2;5;2,3,4,5;4;45;45;1.86;60;13/9/2024;-;6.8;1129;13.85;
130311296;396252;ウボンゴ ポケモン (Ubongo Pokémon);-;673557;First edition;Own;1;4;-;-;15;15;2;20;13/3/2025;-;6.5;17321;12.54;
